File,aid,Date,(1) Evergreen Needleleaf Forests,(2) Evergreen Broadleaf Forests,(4) Deciduous Broadleaf Forests,(5) Mixed Forests,(8) Woody Savannas,(9) Savannas,(10) Grasslands,(11) Permanent Wetlands,(12) Croplands,(13) Urban and Built-up Lands,(14) Cropland/Natural Vegetation Mosaic,(16) Barren,(17) Water Bodies
LC_Type1_2018001_aid0001,aid0001,2018-01-01,,,,,101.0,1.0,2.0,,,,3.0,,
LC_Type1_2018001_aid0002,aid0002,2018-01-01,,1.0,,,80.0,2.0,33.0,,,,,,
LC_Type1_2018001_aid0003,aid0003,2018-01-01,,1.0,,,45.0,,,,,,,,
LC_Type1_2018001_aid0004,aid0004,2018-01-01,,,,,92.0,,,,,,,,
LC_Type1_2018001_aid0005,aid0005,2018-01-01,,,,,,,,,,12.0,,,
LC_Type1_2018001_aid0006,aid0006,2018-01-01,,7.0,,,45.0,,7.0,,,,4.0,,
LC_Type1_2018001_aid0007,aid0007,2018-01-01,,,,,190.0,11.0,,,,,4.0,,
LC_Type1_2018001_aid0008,aid0008,2018-01-01,,5.0,,,181.0,,1.0,,,,,,
LC_Type1_2018001_aid0009,aid0009,2018-01-01,,,,,141.0,2.0,4.0,,,,20.0,,
LC_Type1_2018001_aid0010,aid0010,2018-01-01,,,,,,,,,,5.0,,,
LC_Type1_2018001_aid0011,aid0011,2018-01-01,,,,,26.0,1.0,3.0,,3.0,,,,
LC_Type1_2018001_aid0012,aid0012,2018-01-01,,,,,6.0,6.0,1.0,,,6.0,2.0,,
LC_Type1_2018001_aid0013,aid0013,2018-01-01,,,,,,2.0,7.0,3.0,2.0,56.0,,,2.0
LC_Type1_2018001_aid0014,aid0014,2018-01-01,,90.0,,,114.0,3.0,,,,,1.0,,
LC_Type1_2018001_aid0015,aid0015,2018-01-01,,1.0,,,33.0,,4.0,2.0,,,,,1.0
LC_Type1_2018001_aid0016,aid0016,2018-01-01,,20.0,,,91.0,9.0,6.0,,,,1.0,,
LC_Type1_2018001_aid0017,aid0017,2018-01-01,,6.0,,,26.0,3.0,8.0,,,,3.0,,
LC_Type1_2018001_aid0018,aid0018,2018-01-01,,5.0,,,45.0,1.0,8.0,,,,,,
LC_Type1_2018001_aid0019,aid0019,2018-01-01,,,,,45.0,,,,,,,,
LC_Type1_2018001_aid0020,aid0020,2018-01-01,,4.0,,,79.0,2.0,,,,,2.0,,
LC_Type1_2018001_aid0021,aid0021,2018-01-01,,17.0,,,286.0,2.0,10.0,,3.0,,377.0,,
LC_Type1_2018001_aid0022,aid0022,2018-01-01,,1.0,,,108.0,1.0,6.0,,5.0,,179.0,,
LC_Type1_2018001_aid0023,aid0023,2018-01-01,,,,,38.0,2.0,4.0,,,,11.0,,
LC_Type1_2018001_aid0024,aid0024,2018-01-01,,2.0,,,43.0,5.0,4.0,,,,61.0,,
LC_Type1_2018001_aid0025,aid0025,2018-01-01,,,,,12.0,3.0,9.0,4.0,,,,,3.0
LC_Type1_2018001_aid0026,aid0026,2018-01-01,,,,,,10.0,,3.0,,4.0,1.0,,
LC_Type1_2018001_aid0027,aid0027,2018-01-01,,86.0,,,28.0,4.0,1.0,,,,14.0,,
LC_Type1_2018001_aid0028,aid0028,2018-01-01,,11.0,,,145.0,5.0,2.0,,5.0,,1136.0,,
LC_Type1_2018001_aid0029,aid0029,2018-01-01,,8.0,,,18.0,6.0,,,,,,,
LC_Type1_2018001_aid0030,aid0030,2018-01-01,,3.0,,,23.0,3.0,1.0,8.0,,,,,8.0
LC_Type1_2018001_aid0031,aid0031,2018-01-01,,3.0,,,16.0,4.0,,3.0,,,,,1.0
LC_Type1_2018001_aid0032,aid0032,2018-01-01,,5.0,,,58.0,6.0,3.0,,,,55.0,,
LC_Type1_2018001_aid0033,aid0033,2018-01-01,,4.0,,,9.0,1.0,,,,,177.0,,
LC_Type1_2018001_aid0034,aid0034,2018-01-01,,1.0,,,15.0,3.0,3.0,,,,42.0,,
LC_Type1_2018001_aid0035,aid0035,2018-01-01,,1.0,,,34.0,11.0,11.0,10.0,,,,,
LC_Type1_2018001_aid0036,aid0036,2018-01-01,,,,,69.0,22.0,3.0,,,,96.0,,
LC_Type1_2018001_aid0037,aid0037,2018-01-01,,17.0,,,82.0,28.0,9.0,8.0,,,31.0,,7.0
LC_Type1_2018001_aid0038,aid0038,2018-01-01,,265.0,,,234.0,78.0,3.0,,,,6.0,,
LC_Type1_2018001_aid0039,aid0039,2018-01-01,,3.0,,,26.0,2.0,,,,,21.0,,
LC_Type1_2018001_aid0040,aid0040,2018-01-01,,6.0,,,33.0,2.0,,4.0,,,,,1.0
LC_Type1_2018001_aid0041,aid0041,2018-01-01,,108.0,,,106.0,25.0,2.0,,1.0,,35.0,,
LC_Type1_2018001_aid0042,aid0042,2018-01-01,,7.0,,,50.0,2.0,4.0,,,,,,
LC_Type1_2018001_aid0043,aid0043,2018-01-01,,1.0,,,,,2.0,,23.0,,,,
LC_Type1_2018001_aid0044,aid0044,2018-01-01,,1.0,,,7.0,1.0,7.0,,16.0,,4.0,,
LC_Type1_2018001_aid0045,aid0045,2018-01-01,,,,,3.0,,10.0,,17.0,,2.0,,
LC_Type1_2018001_aid0046,aid0046,2018-01-01,,1.0,,,2.0,2.0,6.0,,12.0,,4.0,,
LC_Type1_2018001_aid0047,aid0047,2018-01-01,,,,,6.0,,5.0,,22.0,,1.0,,
LC_Type1_2018001_aid0048,aid0048,2018-01-01,,2.0,,,21.0,2.0,9.0,,10.0,,3.0,,
LC_Type1_2018001_aid0049,aid0049,2018-01-01,,,,,3.0,4.0,,6.0,,,2.0,,9.0
LC_Type1_2018001_aid0050,aid0050,2018-01-01,,,,,1.0,4.0,,4.0,,,1.0,,3.0
LC_Type1_2018001_aid0051,aid0051,2018-01-01,,,,,25.0,1.0,,,,,,,
LC_Type1_2018001_aid0052,aid0052,2018-01-01,,2.0,,,51.0,5.0,2.0,2.0,,,1.0,,2.0
LC_Type1_2018001_aid0053,aid0053,2018-01-01,,2.0,,,24.0,16.0,4.0,4.0,,,,,3.0
LC_Type1_2018001_aid0054,aid0054,2018-01-01,,,,,10.0,2.0,,,,,1.0,,
LC_Type1_2018001_aid0055,aid0055,2018-01-01,,1.0,,,115.0,12.0,9.0,,2.0,5.0,45.0,,1.0
LC_Type1_2018001_aid0056,aid0056,2018-01-01,,,,,66.0,,2.0,,25.0,,245.0,,
LC_Type1_2018001_aid0057,aid0057,2018-01-01,,2.0,,,192.0,1.0,1.0,,,,128.0,,
LC_Type1_2018001_aid0058,aid0058,2018-01-01,,1.0,,,43.0,2.0,4.0,4.0,,,1.0,,1.0
LC_Type1_2018001_aid0059,aid0059,2018-01-01,,,,,32.0,,,,,,,,
LC_Type1_2018001_aid0060,aid0060,2018-01-01,,1.0,,,23.0,13.0,2.0,3.0,,,,,1.0
LC_Type1_2018001_aid0061,aid0061,2018-01-01,,,,,175.0,1.0,2.0,,1.0,,123.0,,
LC_Type1_2018001_aid0062,aid0062,2018-01-01,,14.0,,,11.0,1.0,3.0,9.0,,,,,6.0
LC_Type1_2018001_aid0063,aid0063,2018-01-01,,301.0,,,50.0,,,,,,,,
LC_Type1_2018001_aid0064,aid0064,2018-01-01,,53.0,,,25.0,,2.0,3.0,,,,,
LC_Type1_2018001_aid0065,aid0065,2018-01-01,,436.0,,,28.0,,1.0,,,,,,
LC_Type1_2018001_aid0066,aid0066,2018-01-01,,17.0,,,29.0,,8.0,10.0,,,,,5.0
LC_Type1_2018001_aid0067,aid0067,2018-01-01,,60.0,,,54.0,,6.0,,,,,,
LC_Type1_2018001_aid0068,aid0068,2018-01-01,,17.0,,,4.0,,8.0,2.0,,,,,1.0
LC_Type1_2018001_aid0069,aid0069,2018-01-01,,18.0,,,25.0,,21.0,6.0,,,,,3.0
LC_Type1_2018001_aid0070,aid0070,2018-01-01,,105.0,,,11.0,,,5.0,,,,,4.0
LC_Type1_2018001_aid0071,aid0071,2018-01-01,,414.0,,,39.0,,9.0,,,,,,
LC_Type1_2018001_aid0072,aid0072,2018-01-01,,77.0,,,69.0,,1.0,10.0,,,,,4.0
LC_Type1_2018001_aid0073,aid0073,2018-01-01,,42.0,,,12.0,,,10.0,,,,,7.0
LC_Type1_2018001_aid0074,aid0074,2018-01-01,,240.0,,,23.0,,,,,,,,
LC_Type1_2018001_aid0075,aid0075,2018-01-01,,477.0,,,41.0,,,,,,,,
LC_Type1_2018001_aid0076,aid0076,2018-01-01,,6.0,,,,,7.0,10.0,,,,,
LC_Type1_2018001_aid0077,aid0077,2018-01-01,,1.0,,,18.0,,10.0,,,,,,
LC_Type1_2018001_aid0078,aid0078,2018-01-01,,47.0,,,79.0,,12.0,,,,,,
LC_Type1_2018001_aid0079,aid0079,2018-01-01,,,,,,,,18.0,,,,,8.0
LC_Type1_2018001_aid0080,aid0080,2018-01-01,,10.0,,,,,15.0,14.0,2.0,,,,2.0
LC_Type1_2018001_aid0081,aid0081,2018-01-01,,26.0,,,11.0,,5.0,5.0,,,,,3.0
LC_Type1_2018001_aid0082,aid0082,2018-01-01,,21.0,,,14.0,,9.0,,,,,,
LC_Type1_2018001_aid0083,aid0083,2018-01-01,,,,,,,1.0,,32.0,,,,
LC_Type1_2018001_aid0084,aid0084,2018-01-01,,,,,,,3.0,,51.0,4.0,,,
LC_Type1_2018001_aid0085,aid0085,2018-01-01,,,,,7.0,,17.0,,6.0,,,,
LC_Type1_2018001_aid0086,aid0086,2018-01-01,,,,,,,15.0,,14.0,,,,
LC_Type1_2018001_aid0087,aid0087,2018-01-01,,102.0,,,94.0,,28.0,,40.0,,4.0,,
LC_Type1_2018001_aid0088,aid0088,2018-01-01,,,,,,,10.0,,17.0,,,,
LC_Type1_2018001_aid0089,aid0089,2018-01-01,,,,,,,,,53.0,,,,
LC_Type1_2018001_aid0090,aid0090,2018-01-01,,,,,1.0,,18.0,,14.0,,,,
LC_Type1_2018001_aid0091,aid0091,2018-01-01,,9.0,,,67.0,,24.0,,1.0,3.0,1.0,,
LC_Type1_2018001_aid0092,aid0092,2018-01-01,,,,,18.0,,28.0,,10.0,1.0,6.0,,
LC_Type1_2018001_aid0093,aid0093,2018-01-01,,311.0,,,147.0,,28.0,,,,,,
LC_Type1_2018001_aid0094,aid0094,2018-01-01,,,,,,,,,5.0,7.0,2.0,,
LC_Type1_2018001_aid0095,aid0095,2018-01-01,,3.0,,,54.0,,35.0,,7.0,,1.0,,
LC_Type1_2018001_aid0096,aid0096,2018-01-01,,29.0,,,21.0,,17.0,,6.0,,1.0,,
LC_Type1_2018001_aid0097,aid0097,2018-01-01,,2.0,,,12.0,,25.0,,68.0,,2.0,,
LC_Type1_2018001_aid0098,aid0098,2018-01-01,,5.0,,,58.0,,26.0,,17.0,,2.0,,
LC_Type1_2018001_aid0099,aid0099,2018-01-01,,,,,222.0,,2.0,,,,,,
LC_Type1_2018001_aid0100,aid0100,2018-01-01,,,,,40.0,,,,,,17.0,,
LC_Type1_2018001_aid0101,aid0101,2018-01-01,,6.0,,,150.0,,3.0,,,,,,
LC_Type1_2018001_aid0102,aid0102,2018-01-01,,36.0,,,67.0,,1.0,,,,,,
LC_Type1_2018001_aid0103,aid0103,2018-01-01,,,,,122.0,,,,,,,,
LC_Type1_2018001_aid0104,aid0104,2018-01-01,,,,,54.0,,,,1.0,,15.0,,
LC_Type1_2018001_aid0105,aid0105,2018-01-01,,,,,4.0,,3.0,,1.0,,53.0,,
LC_Type1_2018001_aid0106,aid0106,2018-01-01,,,,,73.0,,,,,,,,
LC_Type1_2018001_aid0107,aid0107,2018-01-01,,1.0,,,34.0,,,,,,3.0,,
LC_Type1_2018001_aid0108,aid0108,2018-01-01,,,,,88.0,,,,,,,,
LC_Type1_2018001_aid0109,aid0109,2018-01-01,,,,,21.0,,,,1.0,,62.0,,
LC_Type1_2018001_aid0110,aid0110,2018-01-01,,,,,165.0,,1.0,,,,,,
LC_Type1_2018001_aid0111,aid0111,2018-01-01,,,,,103.0,,2.0,,,,,,
LC_Type1_2018001_aid0112,aid0112,2018-01-01,,44.0,,,156.0,,16.0,,,,,,
LC_Type1_2018001_aid0113,aid0113,2018-01-01,,4.0,,,93.0,,,,,,,,
LC_Type1_2018001_aid0114,aid0114,2018-01-01,,43.0,,,238.0,,14.0,,,,1.0,,
LC_Type1_2018001_aid0115,aid0115,2018-01-01,,48.0,,,166.0,,,,,,,,
LC_Type1_2018001_aid0116,aid0116,2018-01-01,,,,,79.0,,,,,,48.0,,
LC_Type1_2018001_aid0117,aid0117,2018-01-01,,,,,81.0,,1.0,,,,,,
LC_Type1_2018001_aid0118,aid0118,2018-01-01,,,,,2.0,,,,6.0,,78.0,,
LC_Type1_2018001_aid0119,aid0119,2018-01-01,,,,,31.0,,3.0,,2.0,,49.0,,
LC_Type1_2018001_aid0120,aid0120,2018-01-01,,4.0,,,468.0,3.0,31.0,,,,3.0,,
LC_Type1_2018001_aid0121,aid0121,2018-01-01,,,,,2.0,,1.0,,,,43.0,,
LC_Type1_2018001_aid0122,aid0122,2018-01-01,,,,,163.0,,,,,,,,
LC_Type1_2018001_aid0123,aid0123,2018-01-01,,,,,87.0,,,,,,25.0,,
LC_Type1_2018001_aid0124,aid0124,2018-01-01,,,,,40.0,,1.0,,3.0,,34.0,,
LC_Type1_2018001_aid0125,aid0125,2018-01-01,,,,,10.0,,,,,,67.0,,
LC_Type1_2018001_aid0126,aid0126,2018-01-01,,7.0,,,107.0,,4.0,,,,,,
LC_Type1_2018001_aid0127,aid0127,2018-01-01,,,,,30.0,,,,,,3.0,,
LC_Type1_2018001_aid0128,aid0128,2018-01-01,,2.0,,,85.0,,,,,,,,
LC_Type1_2018001_aid0129,aid0129,2018-01-01,,1.0,,,32.0,,,,,,,,
LC_Type1_2018001_aid0130,aid0130,2018-01-01,,1.0,,,61.0,,,,,,,,
LC_Type1_2018001_aid0131,aid0131,2018-01-01,,,,,7.0,,,,1.0,,52.0,,
LC_Type1_2018001_aid0132,aid0132,2018-01-01,,1.0,,,56.0,,1.0,,,,,,
LC_Type1_2018001_aid0133,aid0133,2018-01-01,,7.0,,,57.0,,1.0,,,,,,
LC_Type1_2018001_aid0134,aid0134,2018-01-01,,1.0,,,135.0,,1.0,,,,,,
LC_Type1_2018001_aid0135,aid0135,2018-01-01,,,,,77.0,,3.0,,1.0,,14.0,,
LC_Type1_2018001_aid0136,aid0136,2018-01-01,,2.0,,,59.0,,1.0,,,,,,
LC_Type1_2018001_aid0137,aid0137,2018-01-01,,,,,83.0,,,,,,,,
LC_Type1_2018001_aid0138,aid0138,2018-01-01,,4.0,,,47.0,,,,,,,,
LC_Type1_2018001_aid0139,aid0139,2018-01-01,,26.0,,,121.0,,,,,,,,
LC_Type1_2018001_aid0140,aid0140,2018-01-01,,62.0,,,59.0,,,,,,,,
LC_Type1_2018001_aid0141,aid0141,2018-01-01,,97.0,,,97.0,,,8.0,,,,,2.0
LC_Type1_2018001_aid0142,aid0142,2018-01-01,,,,,8.0,1.0,,4.0,,,,,4.0
LC_Type1_2018001_aid0143,aid0143,2018-01-01,,51.0,,,45.0,,,2.0,,,,,
LC_Type1_2018001_aid0144,aid0144,2018-01-01,,276.0,,,349.0,,16.0,,,,,,
LC_Type1_2018001_aid0145,aid0145,2018-01-01,,31.0,,,109.0,,,,,,,,
LC_Type1_2018001_aid0146,aid0146,2018-01-01,,5.0,,,28.0,,,,,,,,
LC_Type1_2018001_aid0147,aid0147,2018-01-01,,15.0,,,4.0,,,6.0,,,,,4.0
LC_Type1_2018001_aid0148,aid0148,2018-01-01,,8.0,,,9.0,,,3.0,,,,,2.0
LC_Type1_2018001_aid0149,aid0149,2018-01-01,,2.0,,,54.0,,14.0,9.0,,,,,7.0
LC_Type1_2018001_aid0150,aid0150,2018-01-01,,8.0,,,31.0,,,,,,,,
LC_Type1_2018001_aid0151,aid0151,2018-01-01,,1.0,,,2.0,,,,,,,,1.0
LC_Type1_2018001_aid0152,aid0152,2018-01-01,,3.0,,,13.0,2.0,,3.0,,,1.0,,
LC_Type1_2018001_aid0153,aid0153,2018-01-01,,4.0,,,,,,3.0,,,,,1.0
LC_Type1_2018001_aid0154,aid0154,2018-01-01,,28.0,,,36.0,1.0,1.0,,,,,,
LC_Type1_2018001_aid0155,aid0155,2018-01-01,,4.0,,,26.0,,3.0,,,,,,
LC_Type1_2018001_aid0156,aid0156,2018-01-01,,5.0,,,34.0,,12.0,,,,,,
LC_Type1_2018001_aid0157,aid0157,2018-01-01,,16.0,,,38.0,,,,,,,,
LC_Type1_2018001_aid0158,aid0158,2018-01-01,,56.0,,,42.0,,,,,,,,
LC_Type1_2018001_aid0159,aid0159,2018-01-01,,20.0,,,14.0,,13.0,2.0,,,,,1.0
LC_Type1_2018001_aid0160,aid0160,2018-01-01,,37.0,,,22.0,,1.0,,,,,,
LC_Type1_2018001_aid0161,aid0161,2018-01-01,,4.0,,,8.0,2.0,,,,,,,
LC_Type1_2018001_aid0162,aid0162,2018-01-01,,,,,21.0,,,,,,,,
LC_Type1_2018001_aid0163,aid0163,2018-01-01,,10.0,,,74.0,,,,,,,,
LC_Type1_2018001_aid0164,aid0164,2018-01-01,,35.0,,,68.0,,,,,,,,
LC_Type1_2018001_aid0165,aid0165,2018-01-01,,12.0,,,7.0,,,,,,,,
LC_Type1_2018001_aid0166,aid0166,2018-01-01,,,,,37.0,,1.0,,,,,,
LC_Type1_2018001_aid0167,aid0167,2018-01-01,,6.0,,,9.0,,1.0,,,,,,
LC_Type1_2018001_aid0168,aid0168,2018-01-01,,34.0,,,12.0,,,,,,,,
LC_Type1_2018001_aid0169,aid0169,2018-01-01,,2.0,,,68.0,,,,,,,,
LC_Type1_2018001_aid0170,aid0170,2018-01-01,,11.0,,,39.0,,,,,,,,
LC_Type1_2018001_aid0171,aid0171,2018-01-01,,,,,1.0,,,,,,,,
LC_Type1_2018001_aid0172,aid0172,2018-01-01,,1.0,,,27.0,,,,,,,,
LC_Type1_2018001_aid0173,aid0173,2018-01-01,,8.0,,,8.0,,,,,,,,
LC_Type1_2018001_aid0174,aid0174,2018-01-01,,20.0,,,10.0,,,,,,,,
LC_Type1_2018001_aid0175,aid0175,2018-01-01,,4.0,,,65.0,,,,,,,,
LC_Type1_2018001_aid0176,aid0176,2018-01-01,,39.0,,,14.0,,,,,,,,
LC_Type1_2018001_aid0177,aid0177,2018-01-01,,3.0,,,28.0,,7.0,,2.0,,1.0,,
LC_Type1_2018001_aid0178,aid0178,2018-01-01,,34.0,,,47.0,,,,,,,,
LC_Type1_2018001_aid0179,aid0179,2018-01-01,,21.0,,,73.0,,3.0,,,,,,
LC_Type1_2018001_aid0180,aid0180,2018-01-01,,,,,5.0,2.0,,,,,,,
LC_Type1_2018001_aid0181,aid0181,2018-01-01,,,,,2.0,1.0,,1.0,,,,,
LC_Type1_2018001_aid0182,aid0182,2018-01-01,,,,,4.0,,,,,,,,
LC_Type1_2018001_aid0183,aid0183,2018-01-01,,6.0,,,116.0,,,,,,,,
LC_Type1_2018001_aid0184,aid0184,2018-01-01,,6.0,,,33.0,,,,,,,,
LC_Type1_2018001_aid0185,aid0185,2018-01-01,,1.0,,,25.0,,5.0,,1.0,,,,
LC_Type1_2018001_aid0186,aid0186,2018-01-01,,9.0,,,21.0,,,,,,,,
LC_Type1_2018001_aid0187,aid0187,2018-01-01,,52.0,,,42.0,1.0,,,,,1.0,,
LC_Type1_2018001_aid0188,aid0188,2018-01-01,,179.0,,,35.0,,,,,,,,
LC_Type1_2018001_aid0189,aid0189,2018-01-01,,13.0,,,56.0,,,,,,,,
LC_Type1_2018001_aid0190,aid0190,2018-01-01,,22.0,,,5.0,1.0,7.0,,,,1.0,,
LC_Type1_2018001_aid0191,aid0191,2018-01-01,,55.0,,,68.0,,1.0,,,,,,
LC_Type1_2018001_aid0192,aid0192,2018-01-01,,24.0,,,27.0,,3.0,,,,,,
LC_Type1_2018001_aid0193,aid0193,2018-01-01,,156.0,,,54.0,7.0,,,,,,,
LC_Type1_2018001_aid0194,aid0194,2018-01-01,,17.0,,,,,,,,,,,
LC_Type1_2018001_aid0195,aid0195,2018-01-01,,25.0,,,16.0,,,,,,,,
LC_Type1_2018001_aid0196,aid0196,2018-01-01,,15.0,,,17.0,1.0,,,,,,,
LC_Type1_2018001_aid0197,aid0197,2018-01-01,,172.0,,,69.0,1.0,27.0,,,,2.0,,
LC_Type1_2018001_aid0198,aid0198,2018-01-01,,8.0,,,53.0,,12.0,,,,,,
LC_Type1_2018001_aid0199,aid0199,2018-01-01,,,,,34.0,,3.0,,,,,,
LC_Type1_2018001_aid0200,aid0200,2018-01-01,,60.0,,,33.0,1.0,13.0,1.0,,,3.0,,
LC_Type1_2018001_aid0201,aid0201,2018-01-01,,47.0,,,17.0,,,,,,,,
LC_Type1_2018001_aid0202,aid0202,2018-01-01,,9.0,,,30.0,,1.0,,,,,,
LC_Type1_2018001_aid0203,aid0203,2018-01-01,,58.0,,,58.0,1.0,5.0,,,7.0,2.0,,
LC_Type1_2018001_aid0204,aid0204,2018-01-01,,2.0,,,31.0,,4.0,,,,,,
LC_Type1_2018001_aid0205,aid0205,2018-01-01,,13.0,,,45.0,,3.0,,,,,,
LC_Type1_2018001_aid0206,aid0206,2018-01-01,,20.0,,,25.0,,,,,,,,
LC_Type1_2018001_aid0207,aid0207,2018-01-01,,13.0,,,21.0,1.0,2.0,,,,,,
LC_Type1_2018001_aid0208,aid0208,2018-01-01,,16.0,,,18.0,,2.0,,,,,,
LC_Type1_2018001_aid0209,aid0209,2018-01-01,,53.0,,,80.0,,21.0,,,2.0,,,
LC_Type1_2018001_aid0210,aid0210,2018-01-01,,43.0,,,58.0,,1.0,,,,,,
LC_Type1_2018001_aid0211,aid0211,2018-01-01,,53.0,,,26.0,1.0,4.0,,,,,,
LC_Type1_2018001_aid0212,aid0212,2018-01-01,,,,,60.0,,6.0,,1.0,,,,
LC_Type1_2018001_aid0213,aid0213,2018-01-01,,35.0,,,35.0,2.0,9.0,,,,1.0,,
LC_Type1_2018001_aid0214,aid0214,2018-01-01,,,,,17.0,,27.0,,7.0,,1.0,,
LC_Type1_2018001_aid0215,aid0215,2018-01-01,,26.0,,,41.0,,9.0,,2.0,,1.0,,
LC_Type1_2018001_aid0216,aid0216,2018-01-01,,4.0,,,57.0,,11.0,,5.0,,,,
LC_Type1_2018001_aid0217,aid0217,2018-01-01,,1.0,,,38.0,1.0,76.0,,14.0,,4.0,,
LC_Type1_2018001_aid0218,aid0218,2018-01-01,,2.0,,,45.0,,,,,,,,
LC_Type1_2018001_aid0219,aid0219,2018-01-01,,,,,61.0,,5.0,,,,1.0,,
LC_Type1_2018001_aid0220,aid0220,2018-01-01,,21.0,,,57.0,,11.0,,,,,,
LC_Type1_2018001_aid0221,aid0221,2018-01-01,,7.0,,,81.0,,1.0,,,,,,
LC_Type1_2018001_aid0222,aid0222,2018-01-01,,33.0,,,488.0,,62.0,,22.0,,4.0,,
LC_Type1_2018001_aid0223,aid0223,2018-01-01,,,,,9.0,,39.0,,30.0,,5.0,,
LC_Type1_2018001_aid0224,aid0224,2018-01-01,,2.0,,,66.0,,4.0,,4.0,,,,
LC_Type1_2018001_aid0225,aid0225,2018-01-01,,66.0,,,160.0,,2.0,,,,,,
LC_Type1_2018001_aid0226,aid0226,2018-01-01,,2.0,,,277.0,,4.0,,,,,,
LC_Type1_2018001_aid0227,aid0227,2018-01-01,,35.0,,,148.0,,13.0,,,,,,
LC_Type1_2018001_aid0228,aid0228,2018-01-01,,,,,73.0,1.0,26.0,,9.0,1.0,5.0,,
LC_Type1_2018001_aid0229,aid0229,2018-01-01,,1.0,,,61.0,,14.0,,65.0,,13.0,,
LC_Type1_2018001_aid0230,aid0230,2018-01-01,,,,,60.0,,8.0,,2.0,,,,
LC_Type1_2018001_aid0231,aid0231,2018-01-01,,200.0,,,53.0,,13.0,,,,,,
LC_Type1_2018001_aid0232,aid0232,2018-01-01,,2.0,,,43.0,,21.0,,16.0,,2.0,,
LC_Type1_2018001_aid0233,aid0233,2018-01-01,,,,,131.0,,4.0,,1.0,,2.0,,
LC_Type1_2018001_aid0234,aid0234,2018-01-01,,318.0,,,185.0,,20.0,,,,,,
LC_Type1_2018001_aid0235,aid0235,2018-01-01,,,,,50.0,2.0,20.0,,14.0,8.0,4.0,,
LC_Type1_2018001_aid0236,aid0236,2018-01-01,,99.0,,,32.0,,1.0,,,,,,
LC_Type1_2018001_aid0237,aid0237,2018-01-01,,,,,62.0,,15.0,,,,,,
LC_Type1_2018001_aid0238,aid0238,2018-01-01,,3.0,,,133.0,,2.0,,,,,,
LC_Type1_2018001_aid0239,aid0239,2018-01-01,,,,,30.0,,21.0,,2.0,,,,
LC_Type1_2018001_aid0240,aid0240,2018-01-01,,36.0,,,128.0,,31.0,,3.0,,2.0,,
LC_Type1_2018001_aid0241,aid0241,2018-01-01,,,,,43.0,,14.0,,,,,,
LC_Type1_2018001_aid0242,aid0242,2018-01-01,,21.0,,,97.0,,6.0,,,,,,
LC_Type1_2018001_aid0243,aid0243,2018-01-01,,,,,,,2.0,,55.0,,1.0,,
LC_Type1_2018001_aid0244,aid0244,2018-01-01,,1.0,,,35.0,,3.0,,,,,,
LC_Type1_2018001_aid0245,aid0245,2018-01-01,,,,,12.0,,8.0,,4.0,,,,
LC_Type1_2018001_aid0246,aid0246,2018-01-01,,,,,14.0,,8.0,,9.0,4.0,2.0,,
LC_Type1_2018001_aid0247,aid0247,2018-01-01,,,,,35.0,,1.0,,,,,,
LC_Type1_2018001_aid0248,aid0248,2018-01-01,,,,,19.0,,7.0,,,,,,
LC_Type1_2018001_aid0249,aid0249,2018-01-01,,,,,42.0,,3.0,,,,,,
LC_Type1_2018001_aid0250,aid0250,2018-01-01,,,,,37.0,,1.0,,,,,,
LC_Type1_2018001_aid0251,aid0251,2018-01-01,,,,,29.0,,5.0,,3.0,,1.0,,
LC_Type1_2018001_aid0252,aid0252,2018-01-01,,,,,79.0,,,,,,,,
LC_Type1_2018001_aid0253,aid0253,2018-01-01,,,,,62.0,,9.0,,55.0,,4.0,,
LC_Type1_2018001_aid0254,aid0254,2018-01-01,,,,,35.0,,,,,,,,
LC_Type1_2018001_aid0255,aid0255,2018-01-01,,,,,41.0,,,,,,,,
LC_Type1_2018001_aid0256,aid0256,2018-01-01,,,,,26.0,,3.0,,,,,,
LC_Type1_2018001_aid0257,aid0257,2018-01-01,,,,,40.0,,,,,,,,
LC_Type1_2018001_aid0258,aid0258,2018-01-01,,,,,49.0,,5.0,,29.0,,14.0,,
LC_Type1_2018001_aid0259,aid0259,2018-01-01,,4.0,,,90.0,,1.0,,,,,,
LC_Type1_2018001_aid0260,aid0260,2018-01-01,,,,,41.0,,11.0,,21.0,,,,
LC_Type1_2018001_aid0261,aid0261,2018-01-01,,,,,80.0,,1.0,,,,,,
LC_Type1_2018001_aid0262,aid0262,2018-01-01,,1.0,,,45.0,,1.0,,,,,,
LC_Type1_2018001_aid0263,aid0263,2018-01-01,,2.0,,,49.0,,3.0,,,,,,
LC_Type1_2018001_aid0264,aid0264,2018-01-01,,,,,27.0,,1.0,,,,,,
LC_Type1_2018001_aid0265,aid0265,2018-01-01,,,,,,,10.0,,43.0,,7.0,,
LC_Type1_2018001_aid0266,aid0266,2018-01-01,,,,,26.0,,,,,,,,
LC_Type1_2018001_aid0267,aid0267,2018-01-01,,227.0,,,81.0,,2.0,,,,,,
LC_Type1_2018001_aid0268,aid0268,2018-01-01,,16.0,,,12.0,,6.0,,1.0,,3.0,,
LC_Type1_2018001_aid0269,aid0269,2018-01-01,,,,,28.0,,1.0,,1.0,,1.0,,
LC_Type1_2018001_aid0270,aid0270,2018-01-01,,13.0,,,34.0,,,,,,,,
LC_Type1_2018001_aid0271,aid0271,2018-01-01,,,,,18.0,,3.0,,,,,,
LC_Type1_2018001_aid0272,aid0272,2018-01-01,,,,,14.0,,1.0,,,,,,
LC_Type1_2018001_aid0273,aid0273,2018-01-01,,,,,3.0,,5.0,,35.0,,3.0,,
LC_Type1_2018001_aid0274,aid0274,2018-01-01,,,,,41.0,,8.0,,43.0,,7.0,,
LC_Type1_2018001_aid0275,aid0275,2018-01-01,,16.0,,,28.0,1.0,,,,,,,
LC_Type1_2018001_aid0276,aid0276,2018-01-01,,1.0,,,59.0,,1.0,,,,,,
LC_Type1_2018001_aid0277,aid0277,2018-01-01,,28.0,,,33.0,,,,,,,,
LC_Type1_2018001_aid0278,aid0278,2018-01-01,,,,,24.0,,4.0,,1.0,,,,
LC_Type1_2018001_aid0279,aid0279,2018-01-01,,21.0,,,4.0,,,,,,,,
LC_Type1_2018001_aid0280,aid0280,2018-01-01,,,,,29.0,,,,,,,,
LC_Type1_2018001_aid0281,aid0281,2018-01-01,,3.0,,,30.0,,9.0,,14.0,,,,
LC_Type1_2018001_aid0282,aid0282,2018-01-01,,,,,28.0,,,,8.0,,4.0,,
LC_Type1_2018001_aid0283,aid0283,2018-01-01,,,,,10.0,2.0,1.0,,6.0,7.0,4.0,,
LC_Type1_2018001_aid0284,aid0284,2018-01-01,,,,,78.0,,,,,,,,
LC_Type1_2018001_aid0285,aid0285,2018-01-01,,,,,22.0,,,,1.0,1.0,,,
LC_Type1_2018001_aid0286,aid0286,2018-01-01,,,,,4.0,,9.0,,7.0,,1.0,,
LC_Type1_2018001_aid0287,aid0287,2018-01-01,,,,,14.0,,4.0,,2.0,,,,
LC_Type1_2018001_aid0288,aid0288,2018-01-01,,20.0,,,6.0,,,,,,,,
LC_Type1_2018001_aid0289,aid0289,2018-01-01,,,,,19.0,,1.0,,,,,,
LC_Type1_2018001_aid0290,aid0290,2018-01-01,,128.0,,,60.0,1.0,1.0,,,,,,
LC_Type1_2018001_aid0291,aid0291,2018-01-01,,352.0,,,18.0,,2.0,,,,,,
LC_Type1_2018001_aid0292,aid0292,2018-01-01,,20.0,,,19.0,,8.0,,3.0,,1.0,,
LC_Type1_2018001_aid0293,aid0293,2018-01-01,,286.0,,,157.0,2.0,5.0,,,,,,
LC_Type1_2018001_aid0294,aid0294,2018-01-01,,64.0,,,62.0,6.0,2.0,,,,,,
LC_Type1_2018001_aid0295,aid0295,2018-01-01,,169.0,,,127.0,1.0,1.0,,,,,,
LC_Type1_2018001_aid0296,aid0296,2018-01-01,,,,,10.0,,5.0,,4.0,,1.0,,
LC_Type1_2018001_aid0297,aid0297,2018-01-01,,3.0,,,17.0,1.0,1.0,,2.0,,,,
LC_Type1_2018001_aid0298,aid0298,2018-01-01,,51.0,,,2.0,,1.0,,,,,,
LC_Type1_2018001_aid0299,aid0299,2018-01-01,,1.0,,,25.0,1.0,21.0,,16.0,,4.0,,
LC_Type1_2018001_aid0300,aid0300,2018-01-01,,41.0,,,118.0,,31.0,,32.0,,2.0,,
LC_Type1_2018001_aid0301,aid0301,2018-01-01,,215.0,,,37.0,1.0,9.0,,,,,,
LC_Type1_2018001_aid0302,aid0302,2018-01-01,,206.0,,,13.0,,8.0,,,,,,
LC_Type1_2018001_aid0303,aid0303,2018-01-01,,736.0,,,87.0,2.0,6.0,,,,,,
LC_Type1_2018001_aid0304,aid0304,2018-01-01,,152.0,,,34.0,,,,,,,,
LC_Type1_2018001_aid0305,aid0305,2018-01-01,,386.0,,,72.0,,8.0,,,,1.0,,
LC_Type1_2018001_aid0306,aid0306,2018-01-01,,18.0,,,172.0,,5.0,7.0,,,,,1.0
LC_Type1_2018001_aid0307,aid0307,2018-01-01,,22.0,,,14.0,,,3.0,,,,,5.0
LC_Type1_2018001_aid0308,aid0308,2018-01-01,,118.0,,,268.0,2.0,17.0,8.0,1.0,,,,4.0
LC_Type1_2018001_aid0309,aid0309,2018-01-01,,233.0,,,83.0,,,,,,,,
LC_Type1_2018001_aid0310,aid0310,2018-01-01,,60.0,,,162.0,1.0,10.0,3.0,,,,,3.0
LC_Type1_2018001_aid0311,aid0311,2018-01-01,,16.0,,,17.0,,2.0,6.0,,,,,1.0
LC_Type1_2018001_aid0312,aid0312,2018-01-01,,74.0,,,138.0,,12.0,,,,,,
LC_Type1_2018001_aid0313,aid0313,2018-01-01,,116.0,,,47.0,,2.0,3.0,,,,,
LC_Type1_2018001_aid0314,aid0314,2018-01-01,,462.0,,,188.0,,7.0,,,,,,
LC_Type1_2018001_aid0315,aid0315,2018-01-01,,24.0,,,174.0,,21.0,1.0,,,,,6.0
LC_Type1_2018001_aid0316,aid0316,2018-01-01,,10.0,,,45.0,,,2.0,,,,,1.0
LC_Type1_2018001_aid0317,aid0317,2018-01-01,,47.0,,,172.0,,21.0,5.0,,,,,6.0
LC_Type1_2018001_aid0318,aid0318,2018-01-01,,,,,127.0,,5.0,,4.0,,35.0,,
LC_Type1_2018001_aid0319,aid0319,2018-01-01,,,,,145.0,,3.0,,,,1.0,,
LC_Type1_2018001_aid0320,aid0320,2018-01-01,,1.0,,,,,4.0,,33.0,,14.0,,
LC_Type1_2018001_aid0321,aid0321,2018-01-01,,,,,1.0,,1.0,,50.0,,24.0,,
LC_Type1_2018001_aid0322,aid0322,2018-01-01,,,,,175.0,,24.0,,,,,,
LC_Type1_2018001_aid0323,aid0323,2018-01-01,,3.0,,,4.0,,3.0,,24.0,,22.0,,
LC_Type1_2018001_aid0324,aid0324,2018-01-01,,,,,,,,,73.0,,9.0,,
LC_Type1_2018001_aid0325,aid0325,2018-01-01,,,,,1.0,,1.0,,41.0,,12.0,,
LC_Type1_2018001_aid0326,aid0326,2018-01-01,,,,,9.0,,3.0,,10.0,,16.0,,
LC_Type1_2018001_aid0327,aid0327,2018-01-01,,,,,,,2.0,,19.0,,6.0,,
LC_Type1_2018001_aid0328,aid0328,2018-01-01,,,,,,,,,46.0,,6.0,,
LC_Type1_2018001_aid0329,aid0329,2018-01-01,,,,,7.0,,5.0,,4.0,,14.0,,
LC_Type1_2018001_aid0330,aid0330,2018-01-01,,,,,,,,,65.0,,1.0,,
LC_Type1_2018001_aid0331,aid0331,2018-01-01,,,,,29.0,,,,,,3.0,,
LC_Type1_2018001_aid0332,aid0332,2018-01-01,,,,,,,7.0,,42.0,,6.0,,
LC_Type1_2018001_aid0333,aid0333,2018-01-01,,,,,9.0,,6.0,,36.0,,12.0,,
LC_Type1_2018001_aid0334,aid0334,2018-01-01,,7.0,,,10.0,,7.0,,28.0,,12.0,,
LC_Type1_2018001_aid0335,aid0335,2018-01-01,,,,,,,1.0,,31.0,,4.0,,
LC_Type1_2018001_aid0336,aid0336,2018-01-01,,,,,,,3.0,,9.0,,34.0,,
LC_Type1_2018001_aid0337,aid0337,2018-01-01,,,,,84.0,,2.0,,2.0,,33.0,,
LC_Type1_2018001_aid0338,aid0338,2018-01-01,,12.0,,,9.0,,53.0,2.0,87.0,,6.0,,2.0
LC_Type1_2018001_aid0339,aid0339,2018-01-01,,3.0,,,30.0,,49.0,,,,1.0,,
LC_Type1_2018001_aid0340,aid0340,2018-01-01,,,,,12.0,,9.0,,197.0,,19.0,,
LC_Type1_2018001_aid0341,aid0341,2018-01-01,,5.0,,,37.0,,47.0,,,,,,
LC_Type1_2018001_aid0342,aid0342,2018-01-01,,9.0,,,26.0,1.0,77.0,,3.0,,1.0,,
LC_Type1_2018001_aid0343,aid0343,2018-01-01,,1.0,,,2.0,,25.0,2.0,32.0,,15.0,,2.0
LC_Type1_2018001_aid0344,aid0344,2018-01-01,,,,,,,21.0,,18.0,,2.0,,
LC_Type1_2018001_aid0345,aid0345,2018-01-01,,4.0,,,14.0,2.0,15.0,,9.0,,4.0,,
LC_Type1_2018001_aid0346,aid0346,2018-01-01,,5.0,,,11.0,2.0,23.0,,6.0,,12.0,,
LC_Type1_2018001_aid0347,aid0347,2018-01-01,,1.0,,,,,18.0,,12.0,,,,
LC_Type1_2018001_aid0348,aid0348,2018-01-01,,3.0,,,20.0,1.0,25.0,,6.0,3.0,4.0,,
LC_Type1_2018001_aid0349,aid0349,2018-01-01,,2.0,,,5.0,1.0,1.0,21.0,,,,,3.0
LC_Type1_2018001_aid0350,aid0350,2018-01-01,,14.0,,,5.0,,11.0,,35.0,,,,
LC_Type1_2018001_aid0351,aid0351,2018-01-01,,,,,1.0,,24.0,,16.0,,10.0,,
LC_Type1_2018001_aid0352,aid0352,2018-01-01,,,,,,,35.0,,4.0,,5.0,,
LC_Type1_2018001_aid0353,aid0353,2018-01-01,,,,,1.0,,7.0,,14.0,,8.0,,
LC_Type1_2018001_aid0354,aid0354,2018-01-01,,1.0,,,4.0,,57.0,,9.0,,3.0,,
LC_Type1_2018001_aid0355,aid0355,2018-01-01,,5.0,,,1.0,1.0,12.0,,38.0,,13.0,,
LC_Type1_2018001_aid0356,aid0356,2018-01-01,,,,,,,4.0,,51.0,,2.0,,
LC_Type1_2018001_aid0357,aid0357,2018-01-01,,,,,1.0,,3.0,2.0,68.0,,9.0,,
LC_Type1_2018001_aid0358,aid0358,2018-01-01,,16.0,,,19.0,2.0,12.0,6.0,,,,,1.0
LC_Type1_2018001_aid0359,aid0359,2018-01-01,,15.0,,,1.0,1.0,,15.0,,,,,1.0
LC_Type1_2018001_aid0360,aid0360,2018-01-01,,6.0,,,2.0,,22.0,4.0,,,1.0,,1.0
LC_Type1_2018001_aid0361,aid0361,2018-01-01,,,,,,,8.0,,11.0,,6.0,,
LC_Type1_2018001_aid0362,aid0362,2018-01-01,,24.0,,,16.0,1.0,16.0,5.0,4.0,,2.0,,
LC_Type1_2018001_aid0363,aid0363,2018-01-01,,,,,,,4.0,,17.0,,17.0,,
LC_Type1_2018001_aid0364,aid0364,2018-01-01,,3.0,,,91.0,,11.0,,,,,,
LC_Type1_2018001_aid0365,aid0365,2018-01-01,,,,,,,1.0,,71.0,,8.0,,
LC_Type1_2018001_aid0366,aid0366,2018-01-01,,2314.0,,,813.0,2.0,105.0,,,,,,
LC_Type1_2018001_aid0367,aid0367,2018-01-01,,,,,2.0,,8.0,,29.0,,30.0,,
LC_Type1_2018001_aid0368,aid0368,2018-01-01,,,,,,,,,109.0,,9.0,,
LC_Type1_2018001_aid0369,aid0369,2018-01-01,,1.0,,,98.0,,10.0,,22.0,,28.0,,
LC_Type1_2018001_aid0370,aid0370,2018-01-01,,,,,64.0,,,,34.0,,88.0,,
LC_Type1_2018001_aid0371,aid0371,2018-01-01,,,,,,,3.0,,3.0,,26.0,,
LC_Type1_2018001_aid0372,aid0372,2018-01-01,,,,,,,,,87.0,,30.0,,
LC_Type1_2018001_aid0373,aid0373,2018-01-01,,,,,,,,,63.0,,5.0,,
LC_Type1_2018001_aid0374,aid0374,2018-01-01,,,,,67.0,,25.0,,23.0,,48.0,,
LC_Type1_2018001_aid0375,aid0375,2018-01-01,,6.0,,,97.0,,8.0,,,,,,
LC_Type1_2018001_aid0376,aid0376,2018-01-01,,,,,,,1.0,,19.0,,3.0,,
LC_Type1_2018001_aid0377,aid0377,2018-01-01,,,,,33.0,,1.0,,1.0,,7.0,,
LC_Type1_2018001_aid0378,aid0378,2018-01-01,,,,,44.0,,,,,,,,
LC_Type1_2018001_aid0379,aid0379,2018-01-01,,,,,89.0,,1.0,,,,,,
LC_Type1_2018001_aid0380,aid0380,2018-01-01,,,,,,,7.0,,62.0,,31.0,,
LC_Type1_2018001_aid0381,aid0381,2018-01-01,,,,,113.0,,1.0,,,,,,
LC_Type1_2018001_aid0382,aid0382,2018-01-01,,,,,72.0,,2.0,,7.0,,15.0,,
LC_Type1_2018001_aid0383,aid0383,2018-01-01,,,,,28.0,,,,3.0,,16.0,,
LC_Type1_2018001_aid0384,aid0384,2018-01-01,,,,,37.0,,,,,,,,
LC_Type1_2018001_aid0385,aid0385,2018-01-01,,5.0,,,15.0,,18.0,,30.0,,55.0,,
LC_Type1_2018001_aid0386,aid0386,2018-01-01,,2.0,,,72.0,,4.0,,13.0,,4.0,,
LC_Type1_2018001_aid0387,aid0387,2018-01-01,,,,,126.0,,,,,,,,
LC_Type1_2018001_aid0388,aid0388,2018-01-01,,,,,1.0,,3.0,,10.0,,47.0,,
LC_Type1_2018001_aid0389,aid0389,2018-01-01,,,,,96.0,,,,,,,,
LC_Type1_2018001_aid0390,aid0390,2018-01-01,,,,,44.0,1.0,17.0,,41.0,,31.0,,
LC_Type1_2018001_aid0391,aid0391,2018-01-01,,,,,41.0,,,,,,,,
LC_Type1_2018001_aid0392,aid0392,2018-01-01,,,,,6.0,,15.0,,28.0,,55.0,,
LC_Type1_2018001_aid0393,aid0393,2018-01-01,,1.0,,,,,6.0,,6.0,,43.0,,
LC_Type1_2018001_aid0394,aid0394,2018-01-01,,,,,78.0,,1.0,,,,,,
LC_Type1_2018001_aid0395,aid0395,2018-01-01,,,,,2.0,,7.0,,7.0,,24.0,,
LC_Type1_2018001_aid0396,aid0396,2018-01-01,,2.0,,,45.0,,5.0,,6.0,,24.0,,
LC_Type1_2018001_aid0397,aid0397,2018-01-01,,2.0,,,46.0,,,,,,,,
LC_Type1_2018001_aid0398,aid0398,2018-01-01,,,,,73.0,,,,,,1.0,,
LC_Type1_2018001_aid0399,aid0399,2018-01-01,,1.0,,,37.0,,6.0,,6.0,,5.0,,
LC_Type1_2018001_aid0400,aid0400,2018-01-01,,,,,,,5.0,,,9.0,,,
LC_Type1_2018001_aid0401,aid0401,2018-01-01,,,,,73.0,,,,,,,,
LC_Type1_2018001_aid0402,aid0402,2018-01-01,,2.0,,,113.0,,1.0,,,,,,
LC_Type1_2018001_aid0403,aid0403,2018-01-01,,,,,8.0,,2.0,,12.0,,14.0,,
LC_Type1_2018001_aid0404,aid0404,2018-01-01,,,,,,,,,,1.0,,,
LC_Type1_2018001_aid0405,aid0405,2018-01-01,,,,,1.0,,3.0,,3.0,11.0,2.0,,
LC_Type1_2018001_aid0406,aid0406,2018-01-01,,,,,55.0,,,,,,,,
LC_Type1_2018001_aid0407,aid0407,2018-01-01,,,,,13.0,,46.0,,30.0,,11.0,,
LC_Type1_2018001_aid0408,aid0408,2018-01-01,,,,,58.0,,,,,,,,
LC_Type1_2018001_aid0409,aid0409,2018-01-01,,1.0,,,45.0,,10.0,,3.0,,2.0,,
LC_Type1_2018001_aid0410,aid0410,2018-01-01,,9.0,,,64.0,,,,,,,,
LC_Type1_2018001_aid0411,aid0411,2018-01-01,,,,,66.0,,28.0,,33.0,,21.0,,
LC_Type1_2018001_aid0412,aid0412,2018-01-01,,,,,19.0,,12.0,,,,,,
LC_Type1_2018001_aid0413,aid0413,2018-01-01,,,,,117.0,,1.0,,,,1.0,,
LC_Type1_2018001_aid0414,aid0414,2018-01-01,,,,,,1.0,14.0,,5.0,,,,
LC_Type1_2018001_aid0415,aid0415,2018-01-01,,,,,80.0,,2.0,,1.0,,6.0,,
LC_Type1_2018001_aid0416,aid0416,2018-01-01,,,,,58.0,,1.0,,,,,,
LC_Type1_2018001_aid0417,aid0417,2018-01-01,,,,,2.0,,2.0,,10.0,,14.0,,
LC_Type1_2018001_aid0418,aid0418,2018-01-01,,,,,,,32.0,,,,,,
LC_Type1_2018001_aid0419,aid0419,2018-01-01,,,,,,,11.0,,7.0,,1.0,,
LC_Type1_2018001_aid0420,aid0420,2018-01-01,,,,,,1.0,,,,4.0,,,
LC_Type1_2018001_aid0421,aid0421,2018-01-01,,,,,,4.0,1.0,,8.0,2.0,1.0,,
LC_Type1_2018001_aid0422,aid0422,2018-01-01,,,,,1.0,,7.0,,27.0,,7.0,,
LC_Type1_2018001_aid0423,aid0423,2018-01-01,,,,,2.0,5.0,8.0,,,8.0,,,
LC_Type1_2018001_aid0424,aid0424,2018-01-01,,,,,,1.0,1.0,,9.0,,6.0,,
LC_Type1_2018001_aid0425,aid0425,2018-01-01,,7.0,,,89.0,,15.0,,1.0,,,,
LC_Type1_2018001_aid0426,aid0426,2018-01-01,,,,,,5.0,,,1.0,7.0,,,
LC_Type1_2018001_aid0427,aid0427,2018-01-01,,,,,54.0,,,,,,,,
LC_Type1_2018001_aid0428,aid0428,2018-01-01,,,,,,,2.0,2.0,,,,,
LC_Type1_2018001_aid0429,aid0429,2018-01-01,,4.0,,,79.0,,,,,,,,
LC_Type1_2018001_aid0430,aid0430,2018-01-01,,,,,,2.0,,,4.0,4.0,5.0,,
LC_Type1_2018001_aid0431,aid0431,2018-01-01,,,,,4.0,,13.0,,14.0,,1.0,,
LC_Type1_2018001_aid0432,aid0432,2018-01-01,,,,,4.0,,1.0,,17.0,,10.0,,
LC_Type1_2018001_aid0433,aid0433,2018-01-01,,,,,40.0,,24.0,,3.0,,,,
LC_Type1_2018001_aid0434,aid0434,2018-01-01,,,,,78.0,,,,,,,,
LC_Type1_2018001_aid0435,aid0435,2018-01-01,,,,,48.0,,5.0,,8.0,,7.0,,
LC_Type1_2018001_aid0436,aid0436,2018-01-01,,,,,35.0,,2.0,,3.0,,,,
LC_Type1_2018001_aid0437,aid0437,2018-01-01,,7.0,,,14.0,,,6.0,,,,,7.0
LC_Type1_2018001_aid0438,aid0438,2018-01-01,,3.0,,,28.0,,,,,,,,
LC_Type1_2018001_aid0439,aid0439,2018-01-01,,18.0,,,40.0,,,,,,,,3.0
LC_Type1_2018001_aid0440,aid0440,2018-01-01,,59.0,,,51.0,,,2.0,,,,,8.0
LC_Type1_2018001_aid0441,aid0441,2018-01-01,,5.0,,,25.0,,5.0,6.0,,,,,16.0
LC_Type1_2018001_aid0442,aid0442,2018-01-01,,,,,27.0,,3.0,,,,,,
LC_Type1_2018001_aid0443,aid0443,2018-01-01,,,,,22.0,,,,,,,,2.0
LC_Type1_2018001_aid0444,aid0444,2018-01-01,,1.0,,,25.0,1.0,,9.0,,,,,7.0
LC_Type1_2018001_aid0445,aid0445,2018-01-01,,,,,9.0,,,5.0,,,,,3.0
LC_Type1_2018001_aid0446,aid0446,2018-01-01,,1.0,,,11.0,,,,,,,,2.0
LC_Type1_2018001_aid0447,aid0447,2018-01-01,,3.0,,,84.0,,,4.0,,,,,4.0
LC_Type1_2018001_aid0448,aid0448,2018-01-01,,2.0,,,32.0,,,7.0,,,,,6.0
LC_Type1_2018001_aid0449,aid0449,2018-01-01,,1.0,,,32.0,,,,,,,,
LC_Type1_2018001_aid0450,aid0450,2018-01-01,,,,,21.0,,,,,,,,
LC_Type1_2018001_aid0451,aid0451,2018-01-01,,8.0,,,23.0,,4.0,2.0,,,,,1.0
LC_Type1_2018001_aid0452,aid0452,2018-01-01,,,,,25.0,,1.0,1.0,,,,,2.0
LC_Type1_2018001_aid0453,aid0453,2018-01-01,,,,,46.0,1.0,,1.0,,,,,11.0
LC_Type1_2018001_aid0454,aid0454,2018-01-01,,,,,18.0,,2.0,2.0,,,,,1.0
LC_Type1_2018001_aid0455,aid0455,2018-01-01,,,,,28.0,,,,,,,,
LC_Type1_2018001_aid0456,aid0456,2018-01-01,,,,,24.0,,2.0,4.0,,,,,2.0
LC_Type1_2018001_aid0457,aid0457,2018-01-01,,5.0,,,35.0,,,5.0,,,,,3.0
LC_Type1_2018001_aid0458,aid0458,2018-01-01,,,,,48.0,,2.0,,,,1.0,,
LC_Type1_2018001_aid0459,aid0459,2018-01-01,,,,,26.0,,,,,,,,
LC_Type1_2018001_aid0460,aid0460,2018-01-01,,,,,13.0,2.0,1.0,1.0,,2.0,,,2.0
LC_Type1_2018001_aid0461,aid0461,2018-01-01,,,,,10.0,1.0,2.0,1.0,,2.0,,,2.0
LC_Type1_2018001_aid0462,aid0462,2018-01-01,,15.0,,,38.0,,,2.0,,,,,8.0
LC_Type1_2018001_aid0463,aid0463,2018-01-01,,,,,27.0,,,,,,1.0,,1.0
LC_Type1_2018001_aid0464,aid0464,2018-01-01,1.0,5.0,,,46.0,,,1.0,,,,,6.0
LC_Type1_2018001_aid0465,aid0465,2018-01-01,,,,,28.0,,,,,,,,
LC_Type1_2018001_aid0466,aid0466,2018-01-01,,1.0,,,52.0,,1.0,,,,,,
LC_Type1_2018001_aid0467,aid0467,2018-01-01,,1.0,,,93.0,,4.0,5.0,,,,,9.0
LC_Type1_2018001_aid0468,aid0468,2018-01-01,,9.0,,,9.0,,,2.0,,,,,1.0
LC_Type1_2018001_aid0469,aid0469,2018-01-01,,,,,23.0,,1.0,1.0,,,,,
LC_Type1_2018001_aid0470,aid0470,2018-01-01,,5.0,1.0,1.0,21.0,,,6.0,,,,,5.0
LC_Type1_2018001_aid0471,aid0471,2018-01-01,,3.0,,,37.0,,,6.0,,,,,3.0
LC_Type1_2018001_aid0472,aid0472,2018-01-01,,,,,38.0,,,,,,,,
LC_Type1_2018001_aid0473,aid0473,2018-01-01,,,,,23.0,,2.0,,,,,,
LC_Type1_2018001_aid0474,aid0474,2018-01-01,,12.0,,,52.0,,8.0,,,,,,4.0
LC_Type1_2018001_aid0475,aid0475,2018-01-01,,14.0,,,31.0,,,,,,,,
LC_Type1_2018001_aid0476,aid0476,2018-01-01,,,,,75.0,,,,,,,,
LC_Type1_2018001_aid0477,aid0477,2018-01-01,,,,,26.0,,,,,,,,
LC_Type1_2018001_aid0478,aid0478,2018-01-01,,35.0,,,16.0,,1.0,2.0,,,,,5.0
LC_Type1_2018001_aid0479,aid0479,2018-01-01,,,,,39.0,,1.0,1.0,,,,,7.0
LC_Type1_2018001_aid0480,aid0480,2018-01-01,,,,,36.0,,,,,,,,
LC_Type1_2018001_aid0481,aid0481,2018-01-01,,27.0,,,128.0,,5.0,,,,,,
LC_Type1_2018001_aid0482,aid0482,2018-01-01,,12.0,,,96.0,,3.0,,,,,,
LC_Type1_2018001_aid0483,aid0483,2018-01-01,,1.0,,,91.0,,,,,,16.0,,
LC_Type1_2018001_aid0484,aid0484,2018-01-01,,,,,19.0,,2.0,,15.0,,2.0,,
LC_Type1_2018001_aid0485,aid0485,2018-01-01,,11.0,,,82.0,1.0,14.0,,,,,,
LC_Type1_2018001_aid0486,aid0486,2018-01-01,,13.0,,,53.0,,,,,,,,
LC_Type1_2018001_aid0487,aid0487,2018-01-01,,3.0,,,53.0,,,,,,,,
LC_Type1_2018001_aid0488,aid0488,2018-01-01,,68.0,,,47.0,,31.0,,,,,,
LC_Type1_2018001_aid0489,aid0489,2018-01-01,,11.0,,,208.0,1.0,59.0,,2.0,,2.0,,
LC_Type1_2018001_aid0490,aid0490,2018-01-01,,,,,45.0,,,,,,2.0,,
LC_Type1_2018001_aid0491,aid0491,2018-01-01,,16.0,,,54.0,,,,,,,,
LC_Type1_2018001_aid0492,aid0492,2018-01-01,,,,,13.0,,,,,,1.0,,
LC_Type1_2018001_aid0493,aid0493,2018-01-01,,,,,50.0,,,,,,,,
LC_Type1_2018001_aid0494,aid0494,2018-01-01,,,,,84.0,,34.0,,3.0,,3.0,,
LC_Type1_2018001_aid0495,aid0495,2018-01-01,,,,,167.0,,2.0,,3.0,,20.0,,
LC_Type1_2018001_aid0496,aid0496,2018-01-01,,1.0,,,,,18.0,,7.0,,1.0,,
LC_Type1_2018001_aid0497,aid0497,2018-01-01,,,,,,,,,25.0,,,,
LC_Type1_2018001_aid0498,aid0498,2018-01-01,,,,,,,3.0,,54.0,,11.0,,
LC_Type1_2018001_aid0499,aid0499,2018-01-01,,3.0,,,,,6.0,,71.0,,3.0,,
LC_Type1_2018001_aid0500,aid0500,2018-01-01,,18.0,,,3.0,,31.0,,22.0,,10.0,,
LC_Type1_2018001_aid0501,aid0501,2018-01-01,,,,,,,2.0,,42.0,,6.0,,
LC_Type1_2018001_aid0502,aid0502,2018-01-01,,,,,36.0,,,,,,,,
LC_Type1_2018001_aid0503,aid0503,2018-01-01,,,,,,,,,50.0,,28.0,,
LC_Type1_2018001_aid0504,aid0504,2018-01-01,,,,,108.0,2.0,1.0,,4.0,,21.0,,
LC_Type1_2018001_aid0505,aid0505,2018-01-01,,,,,,,,,15.0,,1.0,,
LC_Type1_2018001_aid0506,aid0506,2018-01-01,,,,,,,,,43.0,,,,
LC_Type1_2018001_aid0507,aid0507,2018-01-01,,,,,134.0,2.0,1.0,,5.0,,32.0,,
LC_Type1_2018001_aid0508,aid0508,2018-01-01,,,,,,,1.0,,47.0,,,,
LC_Type1_2018001_aid0509,aid0509,2018-01-01,,,,,,,,,24.0,,,,
LC_Type1_2018001_aid0510,aid0510,2018-01-01,,,,,,,,,50.0,,1.0,,
LC_Type1_2018001_aid0511,aid0511,2018-01-01,,10.0,,,,2.0,24.0,,76.0,,79.0,,
LC_Type1_2018001_aid0512,aid0512,2018-01-01,,1.0,,,88.0,,44.0,,1.0,,1.0,,
LC_Type1_2018001_aid0513,aid0513,2018-01-01,,3.0,,,24.0,6.0,24.0,,5.0,6.0,4.0,,
LC_Type1_2018001_aid0514,aid0514,2018-01-01,,31.0,,,1.0,,17.0,20.0,,,,,3.0
LC_Type1_2018001_aid0515,aid0515,2018-01-01,,9.0,,,,,,33.0,,,,,5.0
LC_Type1_2018001_aid0516,aid0516,2018-01-01,,26.0,,,21.0,,3.0,,,,,,
LC_Type1_2018001_aid0517,aid0517,2018-01-01,,,,,26.0,,18.0,,2.0,4.0,27.0,,
LC_Type1_2018001_aid0518,aid0518,2018-01-01,,,,,26.0,,,,3.0,8.0,5.0,,
LC_Type1_2018001_aid0519,aid0519,2018-01-01,,13.0,,,,,5.0,73.0,,,,,11.0
LC_Type1_2018001_aid0520,aid0520,2018-01-01,,21.0,,,26.0,1.0,29.0,8.0,,,1.0,,3.0
LC_Type1_2018001_aid0521,aid0521,2018-01-01,,,,,21.0,1.0,3.0,,,,,,
LC_Type1_2018001_aid0522,aid0522,2018-01-01,,,,,4.0,4.0,12.0,,2.0,6.0,,,
LC_Type1_2018001_aid0523,aid0523,2018-01-01,,,,,4.0,4.0,1.0,,2.0,2.0,2.0,,
LC_Type1_2018001_aid0524,aid0524,2018-01-01,,,,,,,,,,12.0,,,
LC_Type1_2018001_aid0525,aid0525,2018-01-01,,,,,,,,,,15.0,,,
LC_Type1_2018001_aid0526,aid0526,2018-01-01,,,,,,1.0,,,1.0,19.0,1.0,,
LC_Type1_2018001_aid0527,aid0527,2018-01-01,,,,,10.0,3.0,4.0,,8.0,12.0,8.0,,
LC_Type1_2018001_aid0528,aid0528,2018-01-01,,6.0,,,61.0,,2.0,,,,,,
LC_Type1_2018001_aid0529,aid0529,2018-01-01,,2.0,,,50.0,,4.0,,,,3.0,,
LC_Type1_2018001_aid0530,aid0530,2018-01-01,,,,,24.0,,19.0,,36.0,,23.0,,
LC_Type1_2018001_aid0531,aid0531,2018-01-01,,,,,30.0,,2.0,,,,,,
LC_Type1_2018001_aid0532,aid0532,2018-01-01,,6.0,,,38.0,,,,,,,,
LC_Type1_2018001_aid0533,aid0533,2018-01-01,,33.0,,,18.0,,,4.0,,,,,
LC_Type1_2018001_aid0534,aid0534,2018-01-01,,12.0,,,24.0,,5.0,,5.0,8.0,9.0,,
LC_Type1_2018001_aid0535,aid0535,2018-01-01,,17.0,,,48.0,2.0,4.0,,6.0,19.0,4.0,,
LC_Type1_2018001_aid0536,aid0536,2018-01-01,,435.0,,,301.0,,37.0,,,,,,
LC_Type1_2018001_aid0537,aid0537,2018-01-01,,180.0,,,423.0,20.0,86.0,,2.0,,21.0,,
LC_Type1_2018001_aid0538,aid0538,2018-01-01,,188.0,,,923.0,34.0,67.0,,3.0,,353.0,,
LC_Type1_2018001_aid0539,aid0539,2018-01-01,,12.0,,,13.0,,,,,,,,
LC_Type1_2018001_aid0540,aid0540,2018-01-01,,35.0,,,48.0,,,,,,,,
LC_Type1_2018001_aid0541,aid0541,2018-01-01,,,,,25.0,,,,,,1.0,,
LC_Type1_2018001_aid0542,aid0542,2018-01-01,,6.0,,,11.0,,,,,,,,
LC_Type1_2018001_aid0543,aid0543,2018-01-01,,,,,18.0,,,,,,3.0,,
LC_Type1_2018001_aid0544,aid0544,2018-01-01,,1.0,,,15.0,,,,,1.0,6.0,,
LC_Type1_2018001_aid0545,aid0545,2018-01-01,,9.0,,,42.0,,,,,,,,
LC_Type1_2018001_aid0546,aid0546,2018-01-01,,,,,3.0,,3.0,,10.0,3.0,10.0,,
LC_Type1_2018001_aid0547,aid0547,2018-01-01,,12.0,,,23.0,,,,,,,,
LC_Type1_2018001_aid0548,aid0548,2018-01-01,,6.0,,,37.0,,,,,,,,
LC_Type1_2018001_aid0549,aid0549,2018-01-01,,,,,19.0,,,,,,1.0,,
LC_Type1_2018001_aid0550,aid0550,2018-01-01,,,,,7.0,,,,3.0,,2.0,,
LC_Type1_2018001_aid0551,aid0551,2018-01-01,,,,,17.0,,,,,,1.0,,
LC_Type1_2018001_aid0552,aid0552,2018-01-01,,,,,6.0,,1.0,,17.0,,17.0,,
LC_Type1_2018001_aid0553,aid0553,2018-01-01,,1.0,,,35.0,,,,,,,,
LC_Type1_2018001_aid0554,aid0554,2018-01-01,,2.0,,,21.0,,4.0,,,,2.0,,
LC_Type1_2018001_aid0555,aid0555,2018-01-01,,2.0,,,,,2.0,,20.0,,7.0,,
LC_Type1_2018001_aid0556,aid0556,2018-01-01,,,,,5.0,,,,,7.0,10.0,,
LC_Type1_2018001_aid0557,aid0557,2018-01-01,,,,,,,,,,,15.0,,
LC_Type1_2018001_aid0558,aid0558,2018-01-01,,3.0,,,8.0,,5.0,,5.0,1.0,7.0,,
LC_Type1_2018001_aid0559,aid0559,2018-01-01,,,,,12.0,1.0,3.0,,2.0,,2.0,,
LC_Type1_2018001_aid0560,aid0560,2018-01-01,,71.0,,,79.0,4.0,,,,,4.0,,
LC_Type1_2018001_aid0561,aid0561,2018-01-01,,81.0,,,38.0,,,,,,,,
LC_Type1_2018001_aid0562,aid0562,2018-01-01,,,,,6.0,,,,,6.0,9.0,,
LC_Type1_2018001_aid0563,aid0563,2018-01-01,,,,,18.0,,,,2.0,,12.0,,
LC_Type1_2018001_aid0564,aid0564,2018-01-01,,,,,34.0,,2.0,,,,,,
LC_Type1_2018001_aid0565,aid0565,2018-01-01,,,,,,,,,,6.0,,,
LC_Type1_2018001_aid0566,aid0566,2018-01-01,,7.0,,,52.0,,2.0,,,,,,
LC_Type1_2018001_aid0567,aid0567,2018-01-01,,,,,12.0,,27.0,10.0,9.0,,2.0,,5.0
LC_Type1_2018001_aid0568,aid0568,2018-01-01,,,,,,,,,,18.0,,,
LC_Type1_2018001_aid0569,aid0569,2018-01-01,,10.0,,,53.0,,3.0,,,,1.0,,
LC_Type1_2018001_aid0570,aid0570,2018-01-01,,158.0,,,72.0,,,,,,,,
LC_Type1_2018001_aid0571,aid0571,2018-01-01,,150.0,,,1007.0,17.0,13.0,,,,7.0,,
LC_Type1_2018001_aid0572,aid0572,2018-01-01,,,,,5.0,2.0,2.0,2.0,3.0,3.0,,,2.0
LC_Type1_2018001_aid0573,aid0573,2018-01-01,,,,,25.0,8.0,2.0,,11.0,7.0,5.0,,
LC_Type1_2018001_aid0574,aid0574,2018-01-01,,3.0,,,35.0,1.0,2.0,,,2.0,2.0,,
LC_Type1_2018001_aid0575,aid0575,2018-01-01,,,,,29.0,3.0,5.0,,,,4.0,,
LC_Type1_2018001_aid0576,aid0576,2018-01-01,,13.0,,,29.0,,8.0,,,,,,
LC_Type1_2018001_aid0577,aid0577,2018-01-01,,,,,22.0,5.0,2.0,,5.0,,1.0,,
LC_Type1_2018001_aid0578,aid0578,2018-01-01,,,,,23.0,,4.0,,,,,,
LC_Type1_2018001_aid0579,aid0579,2018-01-01,,22.0,,,524.0,,16.0,,,,6.0,,
LC_Type1_2018001_aid0580,aid0580,2018-01-01,,4.0,,,36.0,,2.0,,,,,,
LC_Type1_2018001_aid0581,aid0581,2018-01-01,,,,,,,,,,1.0,,,
LC_Type1_2018001_aid0582,aid0582,2018-01-01,,,,,,,,,,1.0,,,
LC_Type1_2018001_aid0583,aid0583,2018-01-01,,,,,,,,,,4.0,,,
LC_Type1_2018001_aid0584,aid0584,2018-01-01,,,,,,,,,,1.0,,,
LC_Type1_2018001_aid0585,aid0585,2018-01-01,,,,,,,,,,1.0,,,
LC_Type1_2018001_aid0586,aid0586,2018-01-01,,,,,,,,,,1.0,,,
LC_Type1_2018001_aid0587,aid0587,2018-01-01,,,,,,,,,,2.0,,,
LC_Type1_2018001_aid0588,aid0588,2018-01-01,,,,,,,,,,1.0,,,
LC_Type1_2018001_aid0589,aid0589,2018-01-01,,,,,,,,,,1.0,,,
LC_Type1_2018001_aid0590,aid0590,2018-01-01,,,,,,,,,,1.0,,,
LC_Type1_2018001_aid0591,aid0591,2018-01-01,,,,,,,,,,6.0,,,
LC_Type1_2018001_aid0592,aid0592,2018-01-01,,,,,,,,,,2.0,,,
LC_Type1_2018001_aid0593,aid0593,2018-01-01,,,,,,,,,,3.0,,,
LC_Type1_2018001_aid0594,aid0594,2018-01-01,,,,,,,,,,1.0,,,
LC_Type1_2018001_aid0595,aid0595,2018-01-01,,,,,,,,,,1.0,,,
LC_Type1_2018001_aid0596,aid0596,2018-01-01,,,,,,,,,,1.0,,,
LC_Type1_2018001_aid0597,aid0597,2018-01-01,,,,,,,,,,1.0,,,
LC_Type1_2018001_aid0598,aid0598,2018-01-01,,,,,,,,,,1.0,,,
LC_Type1_2018001_aid0599,aid0599,2018-01-01,,,,,,,,,,1.0,,,
LC_Type1_2018001_aid0600,aid0600,2018-01-01,,,,,,,,,,2.0,,,
LC_Type1_2018001_aid0601,aid0601,2018-01-01,,,,,,,,,,1.0,,,
LC_Type1_2018001_aid0602,aid0602,2018-01-01,,,,,,,,,,1.0,,,
LC_Type1_2018001_aid0603,aid0603,2018-01-01,,,,,,,,,,2.0,,,
LC_Type1_2018001_aid0604,aid0604,2018-01-01,,,,,,,,,,2.0,,,
LC_Type1_2018001_aid0605,aid0605,2018-01-01,,,,,,,,,,1.0,,,
LC_Type1_2018001_aid0606,aid0606,2018-01-01,,,,,,,,,,2.0,,,
LC_Type1_2018001_aid0607,aid0607,2018-01-01,,,,,,,,,,1.0,,,
LC_Type1_2018001_aid0608,aid0608,2018-01-01,,,,,,,,,,2.0,,,
LC_Type1_2018001_aid0609,aid0609,2018-01-01,,,,,,,,,,1.0,,,
LC_Type1_2018001_aid0610,aid0610,2018-01-01,,,,,,,,,,1.0,,,
LC_Type1_2018001_aid0611,aid0611,2018-01-01,,,,,,,,,,1.0,,,
LC_Type1_2018001_aid0612,aid0612,2018-01-01,,,,,,,,,,1.0,,,
LC_Type1_2018001_aid0613,aid0613,2018-01-01,,,,,,,,,,1.0,,,
LC_Type1_2018001_aid0614,aid0614,2018-01-01,,,,,,,,,,1.0,,,
LC_Type1_2018001_aid0615,aid0615,2018-01-01,,,,,,,,,,1.0,,,
LC_Type1_2018001_aid0616,aid0616,2018-01-01,,,,,,,,,,5.0,,,
LC_Type1_2018001_aid0617,aid0617,2018-01-01,,,,,,,,,,1.0,,,
LC_Type1_2018001_aid0618,aid0618,2018-01-01,,,,,,,,,,3.0,,,
LC_Type1_2018001_aid0619,aid0619,2018-01-01,,,,,,,,,,1.0,,,
LC_Type1_2018001_aid0620,aid0620,2018-01-01,,,,,,,,,,3.0,,,
LC_Type1_2018001_aid0621,aid0621,2018-01-01,,,,,49.0,,1.0,,,,,,
LC_Type1_2018001_aid0622,aid0622,2018-01-01,,,,,25.0,,,,,,,,
LC_Type1_2018001_aid0623,aid0623,2018-01-01,,5.0,,,36.0,,2.0,,,,,,
LC_Type1_2018001_aid0624,aid0624,2018-01-01,,,,,19.0,,2.0,,,,,,
LC_Type1_2018001_aid0625,aid0625,2018-01-01,,2.0,,,48.0,,3.0,,,,,,
LC_Type1_2018001_aid0626,aid0626,2018-01-01,,,,,16.0,,7.0,4.0,2.0,,,,2.0
LC_Type1_2018001_aid0627,aid0627,2018-01-01,,,,,,,,1.0,,15.0,,,2.0
LC_Type1_2018001_aid0628,aid0628,2018-01-01,,27.0,,,82.0,6.0,1.0,,,,,,
LC_Type1_2018001_aid0629,aid0629,2018-01-01,,,,,,,,,,45.0,1.0,,
LC_Type1_2018001_aid0630,aid0630,2018-01-01,,,,,12.0,3.0,21.0,6.0,14.0,,,,6.0
LC_Type1_2018001_aid0631,aid0631,2018-01-01,,,,,11.0,8.0,4.0,,4.0,4.0,1.0,,
LC_Type1_2018001_aid0632,aid0632,2018-01-01,,88.0,,,17.0,1.0,,,,,,,
LC_Type1_2018001_aid0633,aid0633,2018-01-01,,,,,27.0,2.0,5.0,,1.0,9.0,6.0,,
LC_Type1_2018001_aid0634,aid0634,2018-01-01,,4.0,,,79.0,,5.0,,,,,,
LC_Type1_2018001_aid0635,aid0635,2018-01-01,,23.0,,,70.0,,1.0,,,,,,
LC_Type1_2018001_aid0636,aid0636,2018-01-01,,79.0,,,43.0,,,,,,,,
LC_Type1_2018001_aid0637,aid0637,2018-01-01,,,,,14.0,3.0,,,1.0,14.0,5.0,,
LC_Type1_2018001_aid0638,aid0638,2018-01-01,,,,,8.0,6.0,,,3.0,2.0,5.0,,
LC_Type1_2018001_aid0639,aid0639,2018-01-01,,,,,75.0,,5.0,,,,,,
LC_Type1_2018001_aid0640,aid0640,2018-01-01,,19.0,,,20.0,,1.0,,,,,,
LC_Type1_2018001_aid0641,aid0641,2018-01-01,,,,,,,,,,9.0,,,1.0
LC_Type1_2018001_aid0642,aid0642,2018-01-01,,,,,283.0,3.0,5.0,,2.0,,41.0,,
LC_Type1_2018001_aid0643,aid0643,2018-01-01,,,,,8.0,9.0,6.0,,5.0,13.0,1.0,,
LC_Type1_2018001_aid0644,aid0644,2018-01-01,,,,,11.0,4.0,,,4.0,2.0,8.0,,
LC_Type1_2018001_aid0645,aid0645,2018-01-01,,6.0,,,61.0,,23.0,,1.0,,,,
LC_Type1_2018001_aid0646,aid0646,2018-01-01,,,,,111.0,,,,,,88.0,,
LC_Type1_2018001_aid0647,aid0647,2018-01-01,,7.0,,,48.0,,7.0,,,,2.0,,
LC_Type1_2018001_aid0648,aid0648,2018-01-01,,,,,1.0,,2.0,3.0,1.0,11.0,,,4.0
LC_Type1_2018001_aid0649,aid0649,2018-01-01,,71.0,,,47.0,,2.0,,,,,,
LC_Type1_2018001_aid0650,aid0650,2018-01-01,,122.0,,,489.0,10.0,21.0,,,,3.0,,
LC_Type1_2018001_aid0651,aid0651,2018-01-01,,1.0,,,30.0,,13.0,,,,,,
LC_Type1_2018001_aid0652,aid0652,2018-01-01,,,,,5.0,6.0,5.0,3.0,6.0,2.0,1.0,,4.0
LC_Type1_2018001_aid0653,aid0653,2018-01-01,,105.0,,,94.0,,2.0,,,,,,
LC_Type1_2018001_aid0654,aid0654,2018-01-01,,,,,65.0,,,,,,,,
LC_Type1_2018001_aid0655,aid0655,2018-01-01,,2.0,,,226.0,3.0,18.0,,1.0,,,,
LC_Type1_2018001_aid0656,aid0656,2018-01-01,,,,,,,,,,13.0,,,
LC_Type1_2018001_aid0657,aid0657,2018-01-01,,,,,,,,,,12.0,,,
LC_Type1_2018001_aid0658,aid0658,2018-01-01,,10.0,,,43.0,1.0,3.0,,,,1.0,,
LC_Type1_2018001_aid0659,aid0659,2018-01-01,,211.0,,,163.0,,7.0,,,,,,
LC_Type1_2018001_aid0660,aid0660,2018-01-01,,,,,5.0,,2.0,2.0,,9.0,,,3.0
LC_Type1_2018001_aid0661,aid0661,2018-01-01,,3.0,,,37.0,,,,,,,,
LC_Type1_2018001_aid0662,aid0662,2018-01-01,,,,,40.0,12.0,3.0,,7.0,,,,
LC_Type1_2018001_aid0663,aid0663,2018-01-01,,,,,,,,,,4.0,,,
LC_Type1_2018001_aid0664,aid0664,2018-01-01,,,,,24.0,,,,,,,,
LC_Type1_2018001_aid0665,aid0665,2018-01-01,,8.0,,,51.0,1.0,21.0,,,,4.0,,
LC_Type1_2018001_aid0666,aid0666,2018-01-01,,3.0,,,55.0,,10.0,,,,,,
LC_Type1_2018001_aid0667,aid0667,2018-01-01,,,,,97.0,,21.0,,,,,,
LC_Type1_2018001_aid0668,aid0668,2018-01-01,,,,,48.0,8.0,,,,3.0,3.0,,
LC_Type1_2018001_aid0669,aid0669,2018-01-01,,,,,,,,,,7.0,,,
LC_Type1_2018001_aid0670,aid0670,2018-01-01,,,,,,,,,,4.0,,1.0,
LC_Type1_2018001_aid0671,aid0671,2018-01-01,,3.0,,,6.0,,7.0,4.0,,4.0,,,3.0
LC_Type1_2018001_aid0672,aid0672,2018-01-01,,,,,24.0,,3.0,,,,,,
LC_Type1_2018001_aid0673,aid0673,2018-01-01,,,,,16.0,2.0,1.0,,3.0,,8.0,,
LC_Type1_2018001_aid0674,aid0674,2018-01-01,,1.0,,,246.0,4.0,4.0,,,,,,
LC_Type1_2018001_aid0675,aid0675,2018-01-01,,,,,1.0,,,,,18.0,,,
LC_Type1_2018001_aid0676,aid0676,2018-01-01,,2.0,,,53.0,,,,,,,,
LC_Type1_2018001_aid0677,aid0677,2018-01-01,,,,,102.0,,1.0,,,,21.0,,
LC_Type1_2018001_aid0678,aid0678,2018-01-01,,1.0,,,10.0,16.0,1.0,,2.0,18.0,2.0,,
LC_Type1_2018001_aid0679,aid0679,2018-01-01,,,,,18.0,1.0,11.0,1.0,2.0,,,,2.0
LC_Type1_2018001_aid0680,aid0680,2018-01-01,,2.0,,,88.0,,,,,,,,
LC_Type1_2018001_aid0681,aid0681,2018-01-01,,11.0,,,54.0,,3.0,,,,,,
LC_Type1_2018001_aid0682,aid0682,2018-01-01,,3.0,,,115.0,1.0,7.0,,,,26.0,,
LC_Type1_2018001_aid0683,aid0683,2018-01-01,,11.0,,,35.0,,,,,,,,
LC_Type1_2018001_aid0684,aid0684,2018-01-01,,,,,63.0,15.0,20.0,,6.0,6.0,,,
LC_Type1_2018001_aid0685,aid0685,2018-01-01,,19.0,,,89.0,,5.0,,,,1.0,,
LC_Type1_2018001_aid0686,aid0686,2018-01-01,,3.0,,,234.0,3.0,,,,,2.0,,
LC_Type1_2018001_aid0687,aid0687,2018-01-01,,,,,28.0,2.0,1.0,,,,,,
LC_Type1_2018001_aid0688,aid0688,2018-01-01,,,,,234.0,,,,,,15.0,,
LC_Type1_2018001_aid0689,aid0689,2018-01-01,,,,,1.0,,2.0,3.0,,19.0,,,8.0
LC_Type1_2018001_aid0690,aid0690,2018-01-01,,1.0,,,24.0,,,,,,,,
LC_Type1_2018001_aid0691,aid0691,2018-01-01,,,,,,,,,,38.0,,,
LC_Type1_2018001_aid0692,aid0692,2018-01-01,,,,,6.0,1.0,1.0,,,12.0,,,
LC_Type1_2018001_aid0693,aid0693,2018-01-01,,1.0,,,57.0,,,,,,,,
LC_Type1_2018001_aid0694,aid0694,2018-01-01,,,,,7.0,4.0,,,1.0,3.0,3.0,,
LC_Type1_2018001_aid0695,aid0695,2018-01-01,,,,,36.0,,4.0,,1.0,1.0,,,
LC_Type1_2018001_aid0696,aid0696,2018-01-01,,8.0,,,21.0,,2.0,,,,,,
LC_Type1_2018001_aid0697,aid0697,2018-01-01,,,,,57.0,1.0,2.0,,1.0,,,,
LC_Type1_2018001_aid0698,aid0698,2018-01-01,,2.0,,,34.0,,1.0,,,,,,
LC_Type1_2018001_aid0699,aid0699,2018-01-01,,,,,,,,2.0,,24.0,,,1.0
LC_Type1_2018001_aid0700,aid0700,2018-01-01,,,,,25.0,8.0,14.0,2.0,7.0,14.0,,,2.0
LC_Type1_2018001_aid0701,aid0701,2018-01-01,,,,,58.0,,,,,,,,
LC_Type1_2018001_aid0702,aid0702,2018-01-01,,20.0,,,48.0,,4.0,,,,1.0,,
LC_Type1_2018001_aid0703,aid0703,2018-01-01,,,,,26.0,,,,,,,,
LC_Type1_2018001_aid0704,aid0704,2018-01-01,,101.0,,,60.0,,7.0,,,,,,
LC_Type1_2018001_aid0705,aid0705,2018-01-01,,2.0,,,37.0,,6.0,,,,,,
LC_Type1_2018001_aid0706,aid0706,2018-01-01,,239.0,,,208.0,,12.0,,,,,,
LC_Type1_2018001_aid0707,aid0707,2018-01-01,,,,,5.0,3.0,2.0,1.0,6.0,41.0,2.0,,3.0
LC_Type1_2018001_aid0708,aid0708,2018-01-01,,6.0,,,41.0,,4.0,,,,8.0,,
LC_Type1_2018001_aid0709,aid0709,2018-01-01,,84.0,,,81.0,,,,,,,,
LC_Type1_2018001_aid0710,aid0710,2018-01-01,,37.0,,,129.0,2.0,1.0,,,,2.0,,
LC_Type1_2018001_aid0711,aid0711,2018-01-01,,,,,255.0,1.0,9.0,,1.0,,28.0,,
LC_Type1_2018001_aid0712,aid0712,2018-01-01,,143.0,,,62.0,1.0,1.0,,,,,,
LC_Type1_2018001_aid0713,aid0713,2018-01-01,,1.0,,,38.0,,1.0,,,,,,
LC_Type1_2018001_aid0714,aid0714,2018-01-01,,,,,24.0,2.0,4.0,3.0,3.0,2.0,,,1.0
LC_Type1_2018001_aid0715,aid0715,2018-01-01,,1.0,,,23.0,18.0,7.0,,10.0,12.0,3.0,,
LC_Type1_2018001_aid0716,aid0716,2018-01-01,,,,,8.0,4.0,3.0,,7.0,13.0,6.0,,
LC_Type1_2018001_aid0717,aid0717,2018-01-01,,,,,19.0,1.0,,,1.0,,3.0,,
LC_Type1_2018001_aid0718,aid0718,2018-01-01,,5.0,,,38.0,,2.0,,,,,,
LC_Type1_2018001_aid0719,aid0719,2018-01-01,,,,,,,,,,3.0,,,
LC_Type1_2018001_aid0720,aid0720,2018-01-01,,,,,29.0,9.0,,,2.0,1.0,4.0,,
LC_Type1_2018001_aid0721,aid0721,2018-01-01,,1.0,,,4.0,5.0,23.0,19.0,13.0,13.0,3.0,,17.0
LC_Type1_2018001_aid0722,aid0722,2018-01-01,,10.0,,,55.0,3.0,3.0,,1.0,6.0,2.0,,
LC_Type1_2018001_aid0723,aid0723,2018-01-01,,,,,31.0,,1.0,,,3.0,3.0,,
LC_Type1_2018001_aid0724,aid0724,2018-01-01,,,,,,,,,,12.0,,,
LC_Type1_2018001_aid0725,aid0725,2018-01-01,,11.0,,,105.0,7.0,3.0,,,,1.0,,
LC_Type1_2018001_aid0726,aid0726,2018-01-01,,,,,2.0,5.0,4.0,6.0,1.0,11.0,6.0,,
LC_Type1_2018001_aid0727,aid0727,2018-01-01,,,,,50.0,,,,,,24.0,,
LC_Type1_2018001_aid0728,aid0728,2018-01-01,,2.0,,,69.0,,4.0,,,,,,
LC_Type1_2018001_aid0729,aid0729,2018-01-01,,,,,9.0,4.0,8.0,14.0,,,1.0,,3.0
LC_Type1_2018001_aid0730,aid0730,2018-01-01,,,,,,,10.0,,22.0,,22.0,,
LC_Type1_2018001_aid0731,aid0731,2018-01-01,,,,,1.0,,3.0,1.0,,13.0,3.0,,1.0
LC_Type1_2018001_aid0732,aid0732,2018-01-01,,16.0,,,176.0,,15.0,,,,3.0,,
LC_Type1_2018001_aid0733,aid0733,2018-01-01,,,,,66.0,,2.0,,8.0,,45.0,,
LC_Type1_2018001_aid0734,aid0734,2018-01-01,,1.0,,,,,9.0,,18.0,,9.0,,
LC_Type1_2018001_aid0735,aid0735,2018-01-01,,46.0,,,147.0,29.0,5.0,,2.0,,76.0,,
LC_Type1_2018001_aid0736,aid0736,2018-01-01,,,,,18.0,,,,,,,,
LC_Type1_2018001_aid0737,aid0737,2018-01-01,,,,,,,,,1.0,,46.0,,
LC_Type1_2018001_aid0738,aid0738,2018-01-01,,,,,,,,,8.0,,39.0,,
LC_Type1_2018001_aid0739,aid0739,2018-01-01,,,,,,,,,14.0,,30.0,,
LC_Type1_2018001_aid0740,aid0740,2018-01-01,,,,,24.0,,1.0,,1.0,,3.0,,
LC_Type1_2018001_aid0741,aid0741,2018-01-01,,,,,2.0,,1.0,,30.0,,4.0,,
LC_Type1_2018001_aid0742,aid0742,2018-01-01,,,,,,,,,6.0,13.0,6.0,,
LC_Type1_2018001_aid0743,aid0743,2018-01-01,,,,,,,7.0,,4.0,2.0,7.0,,
LC_Type1_2018001_aid0744,aid0744,2018-01-01,,,,,,,,,4.0,,38.0,,
LC_Type1_2018001_aid0745,aid0745,2018-01-01,,,,,20.0,3.0,5.0,3.0,2.0,,1.0,,1.0
LC_Type1_2018001_aid0746,aid0746,2018-01-01,,,,,13.0,,,,,,,,
LC_Type1_2018001_aid0747,aid0747,2018-01-01,,,,,,,5.0,,4.0,,10.0,,
LC_Type1_2018001_aid0748,aid0748,2018-01-01,,,,,9.0,,,,9.0,,8.0,,
LC_Type1_2018001_aid0749,aid0749,2018-01-01,,,,,12.0,,,,2.0,,1.0,,
LC_Type1_2018001_aid0750,aid0750,2018-01-01,,,,,,1.0,,,4.0,6.0,4.0,,
LC_Type1_2018001_aid0751,aid0751,2018-01-01,,,,,1.0,2.0,,,1.0,16.0,4.0,,
LC_Type1_2018001_aid0752,aid0752,2018-01-01,,22.0,,,27.0,7.0,1.0,,,,30.0,,
LC_Type1_2018001_aid0753,aid0753,2018-01-01,,19.0,,,36.0,13.0,14.0,2.0,,,,,5.0
LC_Type1_2018001_aid0754,aid0754,2018-01-01,,17.0,,,30.0,3.0,1.0,,,,,,
LC_Type1_2018001_aid0755,aid0755,2018-01-01,,15.0,,,40.0,5.0,,4.0,,,2.0,,1.0
LC_Type1_2018001_aid0756,aid0756,2018-01-01,,160.0,,,53.0,,4.0,3.0,,,,,3.0
LC_Type1_2018001_aid0757,aid0757,2018-01-01,,20.0,,,18.0,15.0,2.0,2.0,,,,,2.0
LC_Type1_2018001_aid0758,aid0758,2018-01-01,,97.0,,,135.0,20.0,14.0,1.0,,,2.0,,
LC_Type1_2018001_aid0759,aid0759,2018-01-01,,11.0,,,33.0,6.0,7.0,3.0,,,,,2.0
LC_Type1_2018001_aid0760,aid0760,2018-01-01,,184.0,,,87.0,8.0,3.0,2.0,,,,,
LC_Type1_2018001_aid0761,aid0761,2018-01-01,,36.0,,,82.0,18.0,2.0,,,,,,
LC_Type1_2018001_aid0762,aid0762,2018-01-01,,9.0,,,45.0,7.0,,,,,,,2.0
LC_Type1_2018001_aid0763,aid0763,2018-01-01,,,,,52.0,17.0,,,,,20.0,,
LC_Type1_2018001_aid0764,aid0764,2018-01-01,,13.0,,,41.0,9.0,,1.0,,,,,
LC_Type1_2018001_aid0765,aid0765,2018-01-01,,29.0,,,92.0,8.0,13.0,20.0,,,2.0,,11.0
LC_Type1_2018001_aid0766,aid0766,2018-01-01,,235.0,,,49.0,11.0,,,,,,,
LC_Type1_2018001_aid0767,aid0767,2018-01-01,,,,,,2.0,7.0,1.0,4.0,4.0,4.0,,2.0
LC_Type1_2018001_aid0768,aid0768,2018-01-01,,,,,,,,,8.0,,13.0,,
LC_Type1_2018001_aid0769,aid0769,2018-01-01,,3.0,,,,4.0,5.0,10.0,,,,,8.0
LC_Type1_2018001_aid0770,aid0770,2018-01-01,,,,,1.0,3.0,2.0,1.0,6.0,,3.0,,
LC_Type1_2018001_aid0771,aid0771,2018-01-01,,,,,,,12.0,,7.0,,4.0,,
LC_Type1_2018001_aid0772,aid0772,2018-01-01,,,,,,,2.0,,38.0,,7.0,,
LC_Type1_2018001_aid0773,aid0773,2018-01-01,,,,,,,,,10.0,,17.0,,
LC_Type1_2018001_aid0774,aid0774,2018-01-01,,,,,,,,,22.0,,8.0,,
LC_Type1_2018001_aid0775,aid0775,2018-01-01,,,,,,,2.0,,20.0,,10.0,,
LC_Type1_2018001_aid0776,aid0776,2018-01-01,,8.0,,,5.0,3.0,11.0,17.0,15.0,,22.0,,4.0
LC_Type1_2018001_aid0777,aid0777,2018-01-01,,,,,,,,,11.0,,3.0,,
LC_Type1_2018001_aid0778,aid0778,2018-01-01,,,,,,,,,10.0,,13.0,,
LC_Type1_2018001_aid0779,aid0779,2018-01-01,,,,,,,,,16.0,,6.0,,
LC_Type1_2018001_aid0780,aid0780,2018-01-01,,,,,,,,,14.0,,21.0,,
LC_Type1_2018001_aid0781,aid0781,2018-01-01,,,,,,1.0,1.0,,2.0,,4.0,,
LC_Type1_2018001_aid0782,aid0782,2018-01-01,,,,,4.0,,8.0,,4.0,,9.0,,
LC_Type1_2018001_aid0783,aid0783,2018-01-01,,,,,,,6.0,,39.0,,1.0,,
LC_Type1_2018001_aid0784,aid0784,2018-01-01,,,,,,,,,9.0,,5.0,,
LC_Type1_2018001_aid0785,aid0785,2018-01-01,,,,,,,,,16.0,,1.0,,
LC_Type1_2018001_aid0786,aid0786,2018-01-01,,,,,,,,,21.0,,,,
LC_Type1_2018001_aid0787,aid0787,2018-01-01,,,,,,,6.0,,4.0,,3.0,,
LC_Type1_2018001_aid0788,aid0788,2018-01-01,,,,,41.0,,11.0,4.0,,,,,
LC_Type1_2018001_aid0789,aid0789,2018-01-01,,228.0,,,129.0,2.0,21.0,8.0,,,,,5.0
LC_Type1_2018001_aid0790,aid0790,2018-01-01,,22.0,,,85.0,,13.0,15.0,,,,,4.0
LC_Type1_2018001_aid0791,aid0791,2018-01-01,,46.0,,,34.0,,9.0,2.0,,,,,2.0
LC_Type1_2018001_aid0792,aid0792,2018-01-01,,52.0,,,43.0,,19.0,5.0,,,,,8.0
LC_Type1_2018001_aid0793,aid0793,2018-01-01,,125.0,,,56.0,,6.0,3.0,,,,,
LC_Type1_2018001_aid0794,aid0794,2018-01-01,,154.0,,,45.0,,6.0,4.0,,1.0,,,
LC_Type1_2018001_aid0795,aid0795,2018-01-01,,30.0,,,58.0,,9.0,14.0,,,,,4.0
LC_Type1_2018001_aid0796,aid0796,2018-01-01,,124.0,,,137.0,,5.0,1.0,,,,,5.0
LC_Type1_2018001_aid0797,aid0797,2018-01-01,,134.0,,,62.0,,2.0,3.0,,,,,6.0
LC_Type1_2018001_aid0798,aid0798,2018-01-01,,171.0,,,112.0,3.0,21.0,10.0,,,,,9.0
LC_Type1_2018001_aid0799,aid0799,2018-01-01,,42.0,,,44.0,,5.0,2.0,,,,,1.0
LC_Type1_2018001_aid0800,aid0800,2018-01-01,,3.0,,1.0,62.0,4.0,8.0,11.0,,,,,4.0
LC_Type1_2018001_aid0801,aid0801,2018-01-01,,196.0,,,119.0,,4.0,1.0,,,,,4.0
LC_Type1_2018001_aid0802,aid0802,2018-01-01,,65.0,,,46.0,,,4.0,,,,,2.0
LC_Type1_2018001_aid0803,aid0803,2018-01-01,,51.0,,,99.0,1.0,6.0,5.0,,,,,1.0
LC_Type1_2018001_aid0804,aid0804,2018-01-01,,135.0,,,72.0,,8.0,7.0,,,,,8.0
LC_Type1_2018001_aid0805,aid0805,2018-01-01,,185.0,,,88.0,,2.0,,,,,,3.0
LC_Type1_2018001_aid0806,aid0806,2018-01-01,,,,,29.0,,6.0,,,,,,
LC_Type1_2018001_aid0807,aid0807,2018-01-01,,83.0,,,14.0,,9.0,6.0,,,,,7.0
LC_Type1_2018001_aid0808,aid0808,2018-01-01,,61.0,,,44.0,,21.0,3.0,,,,,3.0
LC_Type1_2018001_aid0809,aid0809,2018-01-01,,5.0,,,32.0,,7.0,,,,,,
LC_Type1_2018001_aid0810,aid0810,2018-01-01,,6.0,,,32.0,,9.0,,,,,,
LC_Type1_2018001_aid0811,aid0811,2018-01-01,,37.0,,,20.0,,14.0,1.0,,,,,3.0
LC_Type1_2018001_aid0812,aid0812,2018-01-01,,86.0,,,62.0,,,2.0,,,,,3.0
LC_Type1_2018001_aid0813,aid0813,2018-01-01,,56.0,,,65.0,,2.0,2.0,,,,,3.0
LC_Type1_2018001_aid0814,aid0814,2018-01-01,,,,,,,,,74.0,,4.0,,
LC_Type1_2018001_aid0815,aid0815,2018-01-01,,,,,,,,,,,13.0,,
LC_Type1_2018001_aid0816,aid0816,2018-01-01,,,,,,,,,,,18.0,,
LC_Type1_2018001_aid0817,aid0817,2018-01-01,,,,,,,,,11.0,,55.0,,
LC_Type1_2018001_aid0818,aid0818,2018-01-01,,,,,,,,,5.0,,10.0,,
LC_Type1_2018001_aid0819,aid0819,2018-01-01,,,,,,,,,,,18.0,,
LC_Type1_2018001_aid0820,aid0820,2018-01-01,,,,,,,,,,,9.0,,
LC_Type1_2018001_aid0821,aid0821,2018-01-01,,,,,,,,,1.0,,22.0,,
LC_Type1_2018001_aid0822,aid0822,2018-01-01,,,,,,,,,,,7.0,,
LC_Type1_2018001_aid0823,aid0823,2018-01-01,,,,,,,,,1.0,1.0,14.0,,
LC_Type1_2018001_aid0824,aid0824,2018-01-01,,,,,,,,,,1.0,9.0,,
LC_Type1_2018001_aid0825,aid0825,2018-01-01,,,,,,,,,2.0,,10.0,,
LC_Type1_2018001_aid0826,aid0826,2018-01-01,,,,,,,,,,,10.0,,
LC_Type1_2018001_aid0827,aid0827,2018-01-01,,,,,,,,,,3.0,9.0,,
LC_Type1_2018001_aid0828,aid0828,2018-01-01,,,,,,,,,,,13.0,,
LC_Type1_2018001_aid0829,aid0829,2018-01-01,,,,,,,,,57.0,,5.0,,
LC_Type1_2018001_aid0830,aid0830,2018-01-01,,,,,,,,,2.0,,10.0,,
LC_Type1_2018001_aid0831,aid0831,2018-01-01,,,,,,,,,2.0,,32.0,,
LC_Type1_2018001_aid0832,aid0832,2018-01-01,,,,,,,,,4.0,,17.0,,
LC_Type1_2018001_aid0833,aid0833,2018-01-01,,,,,,,1.0,,,,9.0,,
LC_Type1_2018001_aid0834,aid0834,2018-01-01,,,,,,,,,,,9.0,,
LC_Type1_2018001_aid0835,aid0835,2018-01-01,,,,,,,,,,,14.0,,
LC_Type1_2018001_aid0836,aid0836,2018-01-01,,,,,,,,,3.0,,12.0,,
LC_Type1_2018001_aid0837,aid0837,2018-01-01,,,,,,,,,2.0,,13.0,,
LC_Type1_2018001_aid0838,aid0838,2018-01-01,,,,,,,,,,2.0,6.0,,
LC_Type1_2018001_aid0839,aid0839,2018-01-01,,,,,,,,,21.0,,6.0,,
LC_Type1_2018001_aid0840,aid0840,2018-01-01,,,,,,,,,,,15.0,,
LC_Type1_2018001_aid0841,aid0841,2018-01-01,,,,,,,,,,,14.0,,
LC_Type1_2018001_aid0842,aid0842,2018-01-01,,,,,,,,,7.0,,4.0,,
LC_Type1_2018001_aid0843,aid0843,2018-01-01,,,,,,,,,2.0,,5.0,,
LC_Type1_2018001_aid0844,aid0844,2018-01-01,,,,,6.0,,8.0,,74.0,4.0,8.0,,
LC_Type1_2018001_aid0845,aid0845,2018-01-01,,,,,,,4.0,,19.0,,,,
LC_Type1_2018001_aid0846,aid0846,2018-01-01,,,,,,,1.0,,19.0,,,,
LC_Type1_2018001_aid0847,aid0847,2018-01-01,,,,,,,2.0,,29.0,,,,
LC_Type1_2018001_aid0848,aid0848,2018-01-01,,,,,1.0,,3.0,,21.0,,1.0,,
LC_Type1_2018001_aid0849,aid0849,2018-01-01,,,,,,,7.0,,20.0,,3.0,,
LC_Type1_2018001_aid0850,aid0850,2018-01-01,,,,,,,1.0,,13.0,,,,
LC_Type1_2018001_aid0851,aid0851,2018-01-01,,3.0,,,33.0,,5.0,,,,2.0,,
LC_Type1_2018001_aid0852,aid0852,2018-01-01,,,,,,,2.0,,10.0,,1.0,,
LC_Type1_2018001_aid0853,aid0853,2018-01-01,,1.0,,,7.0,2.0,6.0,,11.0,,7.0,,
LC_Type1_2018001_aid0854,aid0854,2018-01-01,,,,,2.0,1.0,5.0,,11.0,,1.0,,
LC_Type1_2018001_aid0855,aid0855,2018-01-01,,,,,56.0,,1.0,,1.0,,2.0,,
LC_Type1_2018001_aid0856,aid0856,2018-01-01,,,,,,,2.0,,45.0,,14.0,,
LC_Type1_2018001_aid0857,aid0857,2018-01-01,,3.0,,,14.0,2.0,18.0,,8.0,,6.0,,
LC_Type1_2018001_aid0858,aid0858,2018-01-01,,,,,,,,,16.0,,3.0,,
LC_Type1_2018001_aid0859,aid0859,2018-01-01,,11.0,,,15.0,10.0,1.0,4.0,,,4.0,,3.0
LC_Type1_2018001_aid0860,aid0860,2018-01-01,,19.0,,,44.0,5.0,,,,,17.0,,
LC_Type1_2018001_aid0861,aid0861,2018-01-01,,,,,63.0,10.0,15.0,,,,29.0,,
LC_Type1_2018001_aid0862,aid0862,2018-01-01,,,,,,,,,,,146.0,,
LC_Type1_2018001_aid0863,aid0863,2018-01-01,,1.0,,,10.0,9.0,,7.0,,6.0,1.0,,5.0
LC_Type1_2018001_aid0864,aid0864,2018-01-01,,2.0,,,24.0,1.0,,,,,122.0,,
LC_Type1_2018001_aid0865,aid0865,2018-01-01,,,,,5.0,,1.0,,,,94.0,,
LC_Type1_2018001_aid0866,aid0866,2018-01-01,,1.0,,,16.0,,2.0,,,,27.0,,
LC_Type1_2018001_aid0867,aid0867,2018-01-01,,12.0,,,131.0,20.0,4.0,,2.0,,187.0,,
LC_Type1_2018001_aid0868,aid0868,2018-01-01,,38.0,,,41.0,4.0,5.0,4.0,,,2.0,,2.0
LC_Type1_2018001_aid0869,aid0869,2018-01-01,,1.0,,,7.0,7.0,24.0,16.0,,,,,8.0
LC_Type1_2018001_aid0870,aid0870,2018-01-01,,,,,,,1.0,,20.0,,3.0,,
LC_Type1_2018001_aid0871,aid0871,2018-01-01,,,,,,,,,5.0,,7.0,,
LC_Type1_2018001_aid0872,aid0872,2018-01-01,,,,,2.0,,,,3.0,,26.0,,
LC_Type1_2018001_aid0873,aid0873,2018-01-01,,,,,,,,,,,8.0,,
LC_Type1_2018001_aid0874,aid0874,2018-01-01,,,,,,,,,43.0,,29.0,,
LC_Type1_2018001_aid0875,aid0875,2018-01-01,,,,,,,,,36.0,,21.0,,
LC_Type1_2018001_aid0876,aid0876,2018-01-01,,,,,,,5.0,,20.0,,1.0,,
LC_Type1_2018001_aid0877,aid0877,2018-01-01,,,,,,,,,,,22.0,,
LC_Type1_2018001_aid0878,aid0878,2018-01-01,,,,,,,,,3.0,,19.0,,
LC_Type1_2018001_aid0879,aid0879,2018-01-01,,,,,,,1.0,,3.0,,5.0,,
LC_Type1_2018001_aid0880,aid0880,2018-01-01,,,,,,,,,2.0,,13.0,,
LC_Type1_2018001_aid0881,aid0881,2018-01-01,,,,,,,,,4.0,,10.0,,
LC_Type1_2018001_aid0882,aid0882,2018-01-01,,,,,,,,,6.0,,6.0,,
LC_Type1_2018001_aid0883,aid0883,2018-01-01,,,,,,,1.0,,33.0,,8.0,,
LC_Type1_2018001_aid0884,aid0884,2018-01-01,,,,,,,,,,,11.0,,
LC_Type1_2018001_aid0885,aid0885,2018-01-01,,,,,,,,,5.0,,17.0,,
LC_Type1_2018001_aid0886,aid0886,2018-01-01,,,,,,,,,1.0,,16.0,,
LC_Type1_2018001_aid0887,aid0887,2018-01-01,,,,,,,,,4.0,,11.0,,
LC_Type1_2018001_aid0888,aid0888,2018-01-01,,4.0,,,1.0,,8.0,,22.0,,42.0,,
LC_Type1_2018001_aid0889,aid0889,2018-01-01,,,,,11.0,,,,2.0,,37.0,,
LC_Type1_2018001_aid0890,aid0890,2018-01-01,,,,,,,,,28.0,,,,
LC_Type1_2018001_aid0891,aid0891,2018-01-01,,,,,,,,,14.0,,11.0,,
LC_Type1_2018001_aid0892,aid0892,2018-01-01,,,,,,,,,1.0,,17.0,,
LC_Type1_2018001_aid0893,aid0893,2018-01-01,,,,,,,,,4.0,,16.0,,
LC_Type1_2018001_aid0894,aid0894,2018-01-01,,,,,1.0,,,,6.0,,18.0,,
LC_Type1_2018001_aid0895,aid0895,2018-01-01,,,,,,,,,22.0,,22.0,,
LC_Type1_2018001_aid0896,aid0896,2018-01-01,,,,,,,,,,,14.0,,
LC_Type1_2018001_aid0897,aid0897,2018-01-01,,,,,,,,,1.0,,18.0,,
LC_Type1_2018001_aid0898,aid0898,2018-01-01,,,,,,,2.0,,3.0,,39.0,,
LC_Type1_2018001_aid0899,aid0899,2018-01-01,,,,,5.0,,,,,,43.0,,
LC_Type1_2018001_aid0900,aid0900,2018-01-01,,,,,,,,,2.0,,5.0,,
LC_Type1_2018001_aid0901,aid0901,2018-01-01,,,,,,,,,2.0,,9.0,,
LC_Type1_2018001_aid0902,aid0902,2018-01-01,,,,,,,,,3.0,,9.0,,
LC_Type1_2018001_aid0903,aid0903,2018-01-01,,,,,,,6.0,,,,1.0,,
LC_Type1_2018001_aid0904,aid0904,2018-01-01,,,,,,,10.0,,12.0,,3.0,,
LC_Type1_2018001_aid0905,aid0905,2018-01-01,,,,,1.0,,7.0,,8.0,,23.0,,
LC_Type1_2018001_aid0906,aid0906,2018-01-01,,,,,,,1.0,,16.0,,19.0,,
LC_Type1_2018001_aid0907,aid0907,2018-01-01,,,,,4.0,3.0,16.0,,,,,,
LC_Type1_2018001_aid0908,aid0908,2018-01-01,,,,,,,,,16.0,,15.0,,
LC_Type1_2018001_aid0909,aid0909,2018-01-01,,1.0,,,,,3.0,,,,4.0,,
LC_Type1_2018001_aid0910,aid0910,2018-01-01,,,,,,,24.0,,8.0,,,,
LC_Type1_2018001_aid0911,aid0911,2018-01-01,,,,,17.0,3.0,29.0,3.0,,10.0,1.0,,
LC_Type1_2018001_aid0912,aid0912,2018-01-01,,,,,,,7.0,2.0,1.0,,,,3.0
LC_Type1_2018001_aid0913,aid0913,2018-01-01,,,,,6.0,7.0,11.0,4.0,,,,,
LC_Type1_2018001_aid0914,aid0914,2018-01-01,,,,,,,,,1.0,,3.0,,
LC_Type1_2018001_aid0915,aid0915,2018-01-01,,,,,,,13.0,2.0,,,,,6.0
LC_Type1_2018001_aid0916,aid0916,2018-01-01,,,,,2.0,,16.0,,1.0,,,,
LC_Type1_2018001_aid0917,aid0917,2018-01-01,,,,,,,5.0,,13.0,,2.0,,
LC_Type1_2018001_aid0918,aid0918,2018-01-01,,1.0,,,4.0,2.0,22.0,,,,,,
LC_Type1_2018001_aid0919,aid0919,2018-01-01,,,,,,,,,4.0,,21.0,,
LC_Type1_2018001_aid0920,aid0920,2018-01-01,,47.0,,,51.0,2.0,14.0,10.0,,,,,4.0
LC_Type1_2018001_aid0921,aid0921,2018-01-01,,4.0,,,19.0,1.0,3.0,6.0,,,,,3.0
LC_Type1_2018001_aid0922,aid0922,2018-01-01,,49.0,,,68.0,2.0,2.0,10.0,,,,,4.0
LC_Type1_2018001_aid0923,aid0923,2018-01-01,,31.0,,,62.0,4.0,6.0,1.0,,,,,1.0
LC_Type1_2018001_aid0924,aid0924,2018-01-01,,2.0,,,46.0,1.0,1.0,5.0,4.0,,1.0,,5.0
LC_Type1_2018001_aid0925,aid0925,2018-01-01,,43.0,,,51.0,,,,,,,,
LC_Type1_2018001_aid0926,aid0926,2018-01-01,,13.0,,,44.0,,2.0,,,,,,
LC_Type1_2018001_aid0927,aid0927,2018-01-01,,18.0,,,19.0,,,,,,,,
LC_Type1_2018001_aid0928,aid0928,2018-01-01,,19.0,,,26.0,,,,,,,,
LC_Type1_2018001_aid0929,aid0929,2018-01-01,,31.0,,,43.0,,,,,,,,
LC_Type1_2018001_aid0930,aid0930,2018-01-01,,62.0,,,84.0,,4.0,,,,,,
LC_Type1_2018001_aid0931,aid0931,2018-01-01,,8.0,,,21.0,,4.0,6.0,,,,,2.0
LC_Type1_2018001_aid0932,aid0932,2018-01-01,,29.0,,,285.0,5.0,15.0,,5.0,,55.0,,
LC_Type1_2018001_aid0933,aid0933,2018-01-01,,4.0,,,34.0,1.0,2.0,8.0,,,,,6.0
LC_Type1_2018001_aid0934,aid0934,2018-01-01,,39.0,,,50.0,,3.0,4.0,1.0,,,,3.0
LC_Type1_2018001_aid0935,aid0935,2018-01-01,,50.0,,,64.0,2.0,4.0,,,,,,
LC_Type1_2018001_aid0936,aid0936,2018-01-01,,,,,,1.0,4.0,3.0,1.0,2.0,,,2.0
LC_Type1_2018001_aid0937,aid0937,2018-01-01,,2.0,,,7.0,1.0,5.0,4.0,,,,,1.0
LC_Type1_2018001_aid0938,aid0938,2018-01-01,,,,,49.0,17.0,26.0,2.0,,,10.0,,1.0
LC_Type1_2018001_aid0939,aid0939,2018-01-01,,,,,5.0,,,,,,73.0,,
LC_Type1_2018001_aid0940,aid0940,2018-01-01,,1.0,,,46.0,13.0,,,,,,,
LC_Type1_2018001_aid0941,aid0941,2018-01-01,,,,,39.0,,4.0,,,,16.0,,
LC_Type1_2018001_aid0942,aid0942,2018-01-01,,3.0,,,21.0,,3.0,,9.0,,46.0,,
LC_Type1_2018001_aid0943,aid0943,2018-01-01,,,,,108.0,1.0,10.0,,3.0,,24.0,,
LC_Type1_2018001_aid0944,aid0944,2018-01-01,,,,,,,,,1.0,,52.0,,
LC_Type1_2018001_aid0945,aid0945,2018-01-01,,4.0,,,11.0,7.0,2.0,9.0,,,,,2.0
LC_Type1_2018001_aid0946,aid0946,2018-01-01,,,,,72.0,1.0,,,,,,,
LC_Type1_2018001_aid0947,aid0947,2018-01-01,,9.0,,,10.0,8.0,1.0,14.0,,,,,2.0
LC_Type1_2018001_aid0948,aid0948,2018-01-01,,10.0,,,5.0,1.0,,11.0,,,,,5.0
LC_Type1_2018001_aid0949,aid0949,2018-01-01,,2.0,,,61.0,11.0,3.0,,,5.0,,,
LC_Type1_2018001_aid0950,aid0950,2018-01-01,,1.0,,,43.0,4.0,1.0,,,,17.0,,
LC_Type1_2018001_aid0951,aid0951,2018-01-01,,1.0,,,9.0,5.0,2.0,11.0,,,,,6.0
LC_Type1_2018001_aid0952,aid0952,2018-01-01,,1.0,,,24.0,,3.0,,2.0,,70.0,,
LC_Type1_2018001_aid0953,aid0953,2018-01-01,,2.0,,,73.0,6.0,,,,,,,
LC_Type1_2018001_aid0954,aid0954,2018-01-01,,,,,8.0,,4.0,,6.0,,77.0,,
LC_Type1_2018001_aid0955,aid0955,2018-01-01,,,,,5.0,,2.0,,,,141.0,,
LC_Type1_2018001_aid0956,aid0956,2018-01-01,,,,,39.0,3.0,,,,,55.0,,
LC_Type1_2018001_aid0957,aid0957,2018-01-01,,1.0,,,58.0,25.0,4.0,15.0,,,,,9.0
LC_Type1_2018001_aid0958,aid0958,2018-01-01,,8.0,,,5.0,7.0,,14.0,,,,,8.0
LC_Type1_2018001_aid0959,aid0959,2018-01-01,,7.0,,,5.0,2.0,,16.0,,,,,19.0
LC_Type1_2018001_aid0960,aid0960,2018-01-01,,34.0,,,2.0,,,15.0,,,,,4.0
LC_Type1_2018001_aid0961,aid0961,2018-01-01,,5.0,,,,,,35.0,,,,,6.0
LC_Type1_2018001_aid0962,aid0962,2018-01-01,,16.0,,,,,,42.0,,,,,11.0
LC_Type1_2018001_aid0963,aid0963,2018-01-01,,28.0,,,10.0,,,1.0,,,,,
LC_Type1_2018001_aid0964,aid0964,2018-01-01,,26.0,,,,,,4.0,,,,,5.0
LC_Type1_2018001_aid0965,aid0965,2018-01-01,,28.0,,,,,,39.0,,,,,10.0
LC_Type1_2018001_aid0966,aid0966,2018-01-01,1.0,18.0,,,,,,4.0,,,,,3.0
LC_Type1_2018001_aid0967,aid0967,2018-01-01,,47.0,,,5.0,,,14.0,,,,,12.0
LC_Type1_2018001_aid0968,aid0968,2018-01-01,,1.0,,,,,,29.0,,,,,13.0
LC_Type1_2018001_aid0969,aid0969,2018-01-01,,31.0,,,4.0,,,7.0,,,,,10.0
LC_Type1_2018001_aid0970,aid0970,2018-01-01,1.0,22.0,,1.0,3.0,,,18.0,,,,,6.0
LC_Type1_2018001_aid0971,aid0971,2018-01-01,1.0,45.0,,,1.0,,,5.0,,,,,9.0
LC_Type1_2018001_aid0972,aid0972,2018-01-01,,,,,,1.0,2.0,2.0,,,,,2.0
LC_Type1_2018001_aid0973,aid0973,2018-01-01,,,,,,,,,,,9.0,,
LC_Type1_2018001_aid0974,aid0974,2018-01-01,,,,,,,,,1.0,,8.0,,
LC_Type1_2018001_aid0975,aid0975,2018-01-01,,,,,,,,,,,5.0,,
LC_Type1_2018001_aid0976,aid0976,2018-01-01,,,,,20.0,,3.0,,,3.0,,,
LC_Type1_2018001_aid0977,aid0977,2018-01-01,,,,,,,,,5.0,,11.0,,
LC_Type1_2018001_aid0978,aid0978,2018-01-01,,,,,9.0,,3.0,,,,,,
LC_Type1_2018001_aid0979,aid0979,2018-01-01,,,,,2.0,,,,,,2.0,,
LC_Type1_2018001_aid0980,aid0980,2018-01-01,,,,,11.0,,1.0,,,,,,
LC_Type1_2018001_aid0981,aid0981,2018-01-01,,,,,8.0,,,,,,,,
LC_Type1_2018001_aid0982,aid0982,2018-01-01,,,,,,,,,,,5.0,,
LC_Type1_2018001_aid0983,aid0983,2018-01-01,,,,,3.0,,,,1.0,,2.0,,
LC_Type1_2018001_aid0984,aid0984,2018-01-01,,,,,2.0,,,,1.0,,6.0,,
LC_Type1_2018001_aid0985,aid0985,2018-01-01,,,,,5.0,,3.0,,1.0,,12.0,,
LC_Type1_2018001_aid0986,aid0986,2018-01-01,,,,,,,,,,,4.0,,
LC_Type1_2018001_aid0987,aid0987,2018-01-01,,1.0,,,22.0,8.0,23.0,4.0,,,1.0,,3.0
LC_Type1_2018001_aid0988,aid0988,2018-01-01,,,,,,,,,,,4.0,,
LC_Type1_2018001_aid0989,aid0989,2018-01-01,,,,,1.0,2.0,4.0,,,4.0,5.0,,
LC_Type1_2018001_aid0990,aid0990,2018-01-01,,,,,,,,,4.0,,24.0,,
LC_Type1_2018001_aid0991,aid0991,2018-01-01,,,,,2.0,,3.0,,2.0,,20.0,,
LC_Type1_2018001_aid0992,aid0992,2018-01-01,,,,,,,,,1.0,,8.0,,
LC_Type1_2018001_aid0993,aid0993,2018-01-01,,,,,16.0,,1.0,,,,7.0,,
LC_Type1_2018001_aid0994,aid0994,2018-01-01,,,,,24.0,,1.0,,,,,,
LC_Type1_2018001_aid0995,aid0995,2018-01-01,,,,,,,,,8.0,,13.0,,
LC_Type1_2018001_aid0996,aid0996,2018-01-01,,,,,10.0,,1.0,,,1.0,,,
LC_Type1_2018001_aid0997,aid0997,2018-01-01,,336.0,,,49.0,,6.0,23.0,,,,,5.0
LC_Type1_2018001_aid0998,aid0998,2018-01-01,,320.0,,,249.0,,199.0,24.0,9.0,,,,4.0
LC_Type1_2018001_aid0999,aid0999,2018-01-01,,187.0,,,42.0,,6.0,,,,,,
LC_Type1_2018001_aid1000,aid1000,2018-01-01,,222.0,,,6.0,,52.0,,,,,,
LC_Type1_2018001_aid1001,aid1001,2018-01-01,,28.0,,,16.0,,39.0,,,,,,
LC_Type1_2018001_aid1002,aid1002,2018-01-01,,704.0,,,114.0,,13.0,35.0,,,,,3.0
LC_Type1_2018001_aid1003,aid1003,2018-01-01,,322.0,,,123.0,,99.0,,,,,,
LC_Type1_2018001_aid1004,aid1004,2018-01-01,,6.0,,,37.0,,43.0,13.0,,,,,7.0
LC_Type1_2018001_aid1005,aid1005,2018-01-01,,9.0,,,17.0,,90.0,11.0,,,,,10.0
LC_Type1_2018001_aid1006,aid1006,2018-01-01,,27.0,,,,,30.0,11.0,,,,,5.0
LC_Type1_2018001_aid1007,aid1007,2018-01-01,,5.0,,,10.0,,60.0,5.0,,,,,2.0
LC_Type1_2018001_aid1008,aid1008,2018-01-01,,182.0,,,228.0,,27.0,,,,,,
LC_Type1_2018001_aid1009,aid1009,2018-01-01,,22.0,,,10.0,,70.0,,,,,,
LC_Type1_2018001_aid1010,aid1010,2018-01-01,,801.0,,,106.0,,119.0,,,,,,
LC_Type1_2018001_aid1011,aid1011,2018-01-01,,79.0,,,45.0,,49.0,18.0,,,,,5.0
LC_Type1_2018001_aid1012,aid1012,2018-01-01,,50.0,,,3.0,,43.0,,,,,,
LC_Type1_2018001_aid1013,aid1013,2018-01-01,,45.0,,,7.0,,75.0,14.0,,,,,12.0
LC_Type1_2018001_aid1014,aid1014,2018-01-01,,576.0,,,1.0,,1.0,,,,,,
LC_Type1_2018001_aid1015,aid1015,2018-01-01,,11.0,,,,,,12.0,,,,,3.0
LC_Type1_2018001_aid1016,aid1016,2018-01-01,,,,,6.0,,7.0,,15.0,5.0,,,
LC_Type1_2018001_aid1017,aid1017,2018-01-01,,1.0,,,,,8.0,21.0,12.0,,,,8.0
LC_Type1_2018001_aid1018,aid1018,2018-01-01,,14.0,,,43.0,3.0,2.0,,,,,,
LC_Type1_2018001_aid1019,aid1019,2018-01-01,,1231.0,,,201.0,,3.0,,,,,,
LC_Type1_2018001_aid1020,aid1020,2018-01-01,,8.0,,,10.0,3.0,,,,,,,
LC_Type1_2018001_aid1021,aid1021,2018-01-01,,2.0,,,1.0,,13.0,12.0,10.0,,,,7.0
LC_Type1_2018001_aid1022,aid1022,2018-01-01,,77.0,,,31.0,,,,,,,,
LC_Type1_2018001_aid1023,aid1023,2018-01-01,,39.0,,,47.0,,1.0,10.0,,,,,4.0
LC_Type1_2018001_aid1024,aid1024,2018-01-01,,,,,2.0,,,6.0,,,,,4.0
LC_Type1_2018001_aid1025,aid1025,2018-01-01,,15.0,,,29.0,,18.0,2.0,18.0,2.0,,,
LC_Type1_2018001_aid1026,aid1026,2018-01-01,,31.0,,,22.0,7.0,2.0,8.0,,,,,5.0
LC_Type1_2018001_aid1027,aid1027,2018-01-01,,,,,,,12.0,8.0,23.0,1.0,,,6.0
LC_Type1_2018001_aid1028,aid1028,2018-01-01,,13.0,,,29.0,,,,,,,,
LC_Type1_2018001_aid1029,aid1029,2018-01-01,,71.0,,,5.0,,,,,,,,
LC_Type1_2018001_aid1030,aid1030,2018-01-01,,107.0,,,10.0,,10.0,7.0,,,,,3.0
LC_Type1_2018001_aid1031,aid1031,2018-01-01,,41.0,,,10.0,,3.0,,,,,,
LC_Type1_2018001_aid1032,aid1032,2018-01-01,,57.0,,,1.0,,,5.0,,,,,2.0
LC_Type1_2018001_aid1033,aid1033,2018-01-01,,30.0,,,5.0,,20.0,7.0,,,,,10.0
LC_Type1_2018001_aid1034,aid1034,2018-01-01,,756.0,,,55.0,,7.0,,,,,,
LC_Type1_2018001_aid1035,aid1035,2018-01-01,,6.0,,,,,,6.0,,,,,5.0
LC_Type1_2018001_aid1036,aid1036,2018-01-01,,703.0,,,125.0,,22.0,,,,,,
LC_Type1_2018001_aid1037,aid1037,2018-01-01,,311.0,,,151.0,1.0,29.0,,,,,,
LC_Type1_2018001_aid1038,aid1038,2018-01-01,,22.0,,,39.0,,,,,,,,
LC_Type1_2018001_aid1039,aid1039,2018-01-01,,22.0,,,8.0,,4.0,,,,,,
LC_Type1_2018001_aid1040,aid1040,2018-01-01,,237.0,,,42.0,,3.0,,,,,,
LC_Type1_2018001_aid1041,aid1041,2018-01-01,,,,,,,12.0,2.0,3.0,,,,1.0
LC_Type1_2018001_aid1042,aid1042,2018-01-01,,44.0,,,25.0,,11.0,2.0,,,,,
LC_Type1_2018001_aid1043,aid1043,2018-01-01,,2.0,,,,,27.0,13.0,,,,,15.0
LC_Type1_2018001_aid1044,aid1044,2018-01-01,,1.0,,,1.0,,20.0,3.0,4.0,1.0,,,
LC_Type1_2018001_aid1045,aid1045,2018-01-01,,3.0,,,,,15.0,5.0,3.0,,,,
LC_Type1_2018001_aid1046,aid1046,2018-01-01,,290.0,,,53.0,,11.0,,,,,,
LC_Type1_2018001_aid1047,aid1047,2018-01-01,,5.0,,,1.0,,18.0,8.0,1.0,,,,
LC_Type1_2018001_aid1048,aid1048,2018-01-01,,2.0,,,2.0,,36.0,4.0,3.0,,,,
LC_Type1_2018001_aid1049,aid1049,2018-01-01,,1.0,,,11.0,,,3.0,,,,,
LC_Type1_2018001_aid1050,aid1050,2018-01-01,,1.0,,,6.0,,2.0,2.0,,,2.0,,2.0
LC_Type1_2018001_aid1051,aid1051,2018-01-01,,1.0,,,10.0,,,,,,,,1.0
LC_Type1_2018001_aid1052,aid1052,2018-01-01,1.0,,,,,,,41.0,,,,,10.0
LC_Type1_2018001_aid1053,aid1053,2018-01-01,,65.0,,,63.0,,4.0,1.0,,,,,3.0
LC_Type1_2018001_aid1054,aid1054,2018-01-01,,158.0,,,81.0,,,1.0,,,,,1.0
LC_Type1_2018001_aid1055,aid1055,2018-01-01,,16.0,,,37.0,,,1.0,,,,,1.0
LC_Type1_2018001_aid1056,aid1056,2018-01-01,,10.0,,,44.0,,3.0,7.0,,,,,4.0
LC_Type1_2018001_aid1057,aid1057,2018-01-01,,48.0,,,39.0,,5.0,1.0,,,,,2.0
LC_Type1_2018001_aid1058,aid1058,2018-01-01,,145.0,,,98.0,,,,,,,,
LC_Type1_2018001_aid1059,aid1059,2018-01-01,,1.0,,,48.0,2.0,5.0,6.0,,,3.0,,4.0
LC_Type1_2018001_aid1060,aid1060,2018-01-01,,12.0,,,9.0,,,13.0,,,,,2.0
LC_Type1_2018001_aid1061,aid1061,2018-01-01,,36.0,,,38.0,,,,,,,,
LC_Type1_2018001_aid1062,aid1062,2018-01-01,,75.0,1.0,,76.0,,31.0,3.0,,,,,12.0
LC_Type1_2018001_aid1063,aid1063,2018-01-01,,5.0,,,22.0,,8.0,11.0,,,,,7.0
LC_Type1_2018001_aid1064,aid1064,2018-01-01,,28.0,,,27.0,,,1.0,,,,,2.0
LC_Type1_2018001_aid1065,aid1065,2018-01-01,,13.0,,,35.0,1.0,,,,,1.0,,
LC_Type1_2018001_aid1066,aid1066,2018-01-01,,,,,17.0,1.0,,1.0,,,1.0,,4.0
LC_Type1_2018001_aid1067,aid1067,2018-01-01,,60.0,,,46.0,4.0,12.0,,,,,,4.0
LC_Type1_2018001_aid1068,aid1068,2018-01-01,,1.0,,,70.0,,1.0,,,,,,
LC_Type1_2018001_aid1069,aid1069,2018-01-01,,5.0,,,5.0,,35.0,,20.0,,,,
LC_Type1_2018001_aid1070,aid1070,2018-01-01,,2.0,,,49.0,,4.0,,,,,,
LC_Type1_2018001_aid1071,aid1071,2018-01-01,,9.0,,,,,24.0,5.0,23.0,,,,4.0
LC_Type1_2018001_aid1072,aid1072,2018-01-01,,10.0,,,49.0,,11.0,,,,,,
LC_Type1_2018001_aid1073,aid1073,2018-01-01,,6.0,,,11.0,,5.0,,,,,,
LC_Type1_2018001_aid1074,aid1074,2018-01-01,,1.0,,,47.0,,1.0,,,,,,
LC_Type1_2018001_aid1075,aid1075,2018-01-01,,33.0,,,2.0,,2.0,,,,,,
LC_Type1_2018001_aid1076,aid1076,2018-01-01,,9.0,,,18.0,,7.0,,,,,,
LC_Type1_2018001_aid1077,aid1077,2018-01-01,,2.0,,,6.0,1.0,22.0,6.0,8.0,,,,4.0
LC_Type1_2018001_aid1078,aid1078,2018-01-01,,35.0,,,4.0,,,6.0,,,,,1.0
LC_Type1_2018001_aid1079,aid1079,2018-01-01,,40.0,,,10.0,,3.0,10.0,,,,,2.0
LC_Type1_2018001_aid1080,aid1080,2018-01-01,,6.0,,,53.0,,2.0,,,,,,
LC_Type1_2018001_aid1081,aid1081,2018-01-01,,12.0,,,38.0,,,,,,,,
LC_Type1_2018001_aid1082,aid1082,2018-01-01,,661.0,,,311.0,,5.0,,,,,,
LC_Type1_2018001_aid1083,aid1083,2018-01-01,,2.0,,,34.0,,,,,,,,
LC_Type1_2018001_aid1084,aid1084,2018-01-01,,4.0,,,29.0,,5.0,,,,1.0,,
LC_Type1_2018001_aid1085,aid1085,2018-01-01,,26.0,,,15.0,1.0,10.0,8.0,1.0,5.0,1.0,,6.0
LC_Type1_2018001_aid1086,aid1086,2018-01-01,,2.0,,,22.0,,,,,,,,
LC_Type1_2018001_aid1087,aid1087,2018-01-01,,8.0,,,48.0,1.0,,,,,2.0,,
LC_Type1_2018001_aid1088,aid1088,2018-01-01,,4.0,,,64.0,2.0,,,,,1.0,,
LC_Type1_2018001_aid1089,aid1089,2018-01-01,,58.0,,,89.0,,,,,,,,
LC_Type1_2018001_aid1090,aid1090,2018-01-01,,24.0,,,47.0,,,,,,,,
LC_Type1_2018001_aid1091,aid1091,2018-01-01,,29.0,,,20.0,,,,,,,,
LC_Type1_2018001_aid1092,aid1092,2018-01-01,,36.0,,,17.0,,4.0,3.0,,,,,7.0
LC_Type1_2018001_aid1093,aid1093,2018-01-01,,72.0,,,50.0,,,3.0,,,,,2.0
LC_Type1_2018001_aid1094,aid1094,2018-01-01,,12.0,,,128.0,4.0,1.0,,,,13.0,,
LC_Type1_2018001_aid1095,aid1095,2018-01-01,,78.0,,,23.0,,,,,,,,
LC_Type1_2018001_aid1096,aid1096,2018-01-01,,101.0,,,194.0,1.0,1.0,9.0,,,3.0,,5.0
LC_Type1_2018001_aid1097,aid1097,2018-01-01,,30.0,,,49.0,,,,,,,,
LC_Type1_2018001_aid1098,aid1098,2018-01-01,,5.0,,,30.0,,,,,,1.0,,
LC_Type1_2018001_aid1099,aid1099,2018-01-01,,9.0,,,103.0,1.0,,,,,,,
LC_Type1_2018001_aid1100,aid1100,2018-01-01,,16.0,,,6.0,,,,,,,,
LC_Type1_2018001_aid1101,aid1101,2018-01-01,,301.0,,,248.0,,,,,,1.0,,
LC_Type1_2018001_aid1102,aid1102,2018-01-01,,238.0,,,216.0,,,,,,,,
LC_Type1_2018001_aid1103,aid1103,2018-01-01,,6.0,,,26.0,,,,,,,,
LC_Type1_2018001_aid1104,aid1104,2018-01-01,,66.0,,,20.0,,1.0,14.0,,,,,9.0
LC_Type1_2018001_aid1105,aid1105,2018-01-01,,14.0,,,7.0,,,1.0,,,,,4.0
LC_Type1_2018001_aid1106,aid1106,2018-01-01,,63.0,,,50.0,2.0,5.0,7.0,,,3.0,,3.0
LC_Type1_2018001_aid1107,aid1107,2018-01-01,,10.0,,,41.0,,7.0,22.0,,,,,14.0
LC_Type1_2018001_aid1108,aid1108,2018-01-01,,32.0,,,61.0,,,27.0,,,,,20.0
LC_Type1_2018001_aid1109,aid1109,2018-01-01,,6.0,,,81.0,,,,,,,,
LC_Type1_2018001_aid1110,aid1110,2018-01-01,1.0,379.0,,,39.0,,1.0,19.0,,,,,19.0
LC_Type1_2018001_aid1111,aid1111,2018-01-01,,1.0,,,37.0,,,,,,,,
LC_Type1_2018001_aid1112,aid1112,2018-01-01,,25.0,,,359.0,,6.0,,,,,,
LC_Type1_2018001_aid1113,aid1113,2018-01-01,,6.0,,,122.0,3.0,30.0,45.0,11.0,29.0,,,24.0
LC_Type1_2018001_aid1114,aid1114,2018-01-01,,3.0,,,153.0,,,,,,,,
LC_Type1_2018001_aid1115,aid1115,2018-01-01,,46.0,,,126.0,,1.0,2.0,,,,,1.0
LC_Type1_2018001_aid1116,aid1116,2018-01-01,,9.0,,,216.0,,7.0,1.0,,,,,7.0
LC_Type1_2018001_aid1117,aid1117,2018-01-01,,12.0,,,71.0,,,,,,,,
LC_Type1_2018001_aid1118,aid1118,2018-01-01,,54.0,,,125.0,,4.0,,,,,,
LC_Type1_2018001_aid1119,aid1119,2018-01-01,1.0,53.0,,,2.0,,,56.0,,,,,23.0
LC_Type1_2018001_aid1120,aid1120,2018-01-01,,50.0,,1.0,22.0,,,31.0,,,,,16.0
LC_Type1_2018001_aid1121,aid1121,2018-01-01,,9.0,,,76.0,,2.0,,,,,,
LC_Type1_2018001_aid1122,aid1122,2018-01-01,2.0,122.0,,,11.0,,1.0,10.0,,,,,4.0
LC_Type1_2018001_aid1123,aid1123,2018-01-01,2.0,332.0,,,46.0,,,22.0,,,,,33.0
LC_Type1_2018001_aid1124,aid1124,2018-01-01,,68.0,,,59.0,,1.0,5.0,,,,,10.0
LC_Type1_2018001_aid1125,aid1125,2018-01-01,,6.0,,,16.0,,,,,,,,
LC_Type1_2018001_aid1126,aid1126,2018-01-01,,20.0,,,50.0,,5.0,,,,,,2.0
LC_Type1_2018001_aid1127,aid1127,2018-01-01,,11.0,,,40.0,,,,,,,,
LC_Type1_2018001_aid1128,aid1128,2018-01-01,,4.0,,,100.0,,6.0,1.0,,,,,2.0
LC_Type1_2018001_aid1129,aid1129,2018-01-01,,14.0,,,38.0,,3.0,1.0,,,,,
LC_Type1_2018001_aid1130,aid1130,2018-01-01,1.0,527.0,,,22.0,2.0,,14.0,,,,,24.0
LC_Type1_2018001_aid1131,aid1131,2018-01-01,,13.0,,,106.0,,1.0,,,,,,
LC_Type1_2018001_aid1132,aid1132,2018-01-01,1.0,38.0,,,30.0,,,8.0,,,,,9.0
LC_Type1_2018001_aid1133,aid1133,2018-01-01,,16.0,,,77.0,,,7.0,,,,,2.0
LC_Type1_2018001_aid1134,aid1134,2018-01-01,,,,,37.0,,,6.0,,,,,2.0
LC_Type1_2018001_aid1135,aid1135,2018-01-01,,88.0,,,105.0,,,2.0,,,,,1.0
LC_Type1_2018001_aid1136,aid1136,2018-01-01,,111.0,,,53.0,,,2.0,,,,,4.0
LC_Type1_2018001_aid1137,aid1137,2018-01-01,,9.0,,,49.0,,,,,,,,
LC_Type1_2018001_aid1138,aid1138,2018-01-01,,20.0,,,15.0,,,3.0,,,,,
LC_Type1_2018001_aid1139,aid1139,2018-01-01,,91.0,,,84.0,,2.0,4.0,,,,,2.0
LC_Type1_2018001_aid1140,aid1140,2018-01-01,,19.0,,,10.0,,,4.0,,,,,2.0
LC_Type1_2018001_aid1141,aid1141,2018-01-01,,35.0,,,26.0,,,,,,,,
LC_Type1_2018001_aid1142,aid1142,2018-01-01,,14.0,,,12.0,,,5.0,,,,,2.0
LC_Type1_2018001_aid1143,aid1143,2018-01-01,,17.0,,,68.0,,,,,,,,
LC_Type1_2018001_aid1144,aid1144,2018-01-01,,35.0,,,51.0,,,,,,,,
LC_Type1_2018001_aid1145,aid1145,2018-01-01,,,,,36.0,,,,,,,,
LC_Type1_2018001_aid1146,aid1146,2018-01-01,,16.0,,,51.0,,,,,,,,
LC_Type1_2018001_aid1147,aid1147,2018-01-01,,13.0,,,34.0,,,,,,,,
LC_Type1_2018001_aid1148,aid1148,2018-01-01,,116.0,,,43.0,,,6.0,,,,,2.0
LC_Type1_2018001_aid1149,aid1149,2018-01-01,,55.0,,,106.0,,,,,,,,
LC_Type1_2018001_aid1150,aid1150,2018-01-01,,32.0,,,53.0,,,9.0,,,,,2.0
LC_Type1_2018001_aid1151,aid1151,2018-01-01,,290.0,,,220.0,,,,,,,,
LC_Type1_2018001_aid1152,aid1152,2018-01-01,,47.0,,,19.0,,1.0,10.0,,,,,7.0
LC_Type1_2018001_aid1153,aid1153,2018-01-01,,96.0,,,31.0,,,,,,,,
LC_Type1_2018001_aid1154,aid1154,2018-01-01,,53.0,,,4.0,,,30.0,,,,,12.0
LC_Type1_2018001_aid1155,aid1155,2018-01-01,,47.0,,,37.0,,,,,,,,
LC_Type1_2018001_aid1156,aid1156,2018-01-01,,89.0,,,71.0,,,,,,,,
LC_Type1_2018001_aid1157,aid1157,2018-01-01,1.0,75.0,,,25.0,,1.0,7.0,,,,,5.0
LC_Type1_2018001_aid1158,aid1158,2018-01-01,,27.0,,,92.0,,,,,,,,
