File,aid,Date,(2) Evergreen Broadleaf Forests,(8) Woody Savannas,(9) Savannas,(10) Grasslands,(11) Permanent Wetlands,(12) Croplands,(13) Urban and Built-up Lands,(14) Cropland/Natural Vegetation Mosaic,(16) Barren,(17) Water Bodies
LC_Type1_2018001_aid0001,aid0001,2018-01-01,,,,,,,1.0,,,
LC_Type1_2018001_aid0002,aid0002,2018-01-01,,,,,,,1.0,,,
LC_Type1_2018001_aid0003,aid0003,2018-01-01,,,,,,,1.0,,,
LC_Type1_2018001_aid0004,aid0004,2018-01-01,,,,,,,1.0,,,
LC_Type1_2018001_aid0005,aid0005,2018-01-01,,,,,,,1.0,,,
LC_Type1_2018001_aid0006,aid0006,2018-01-01,,,,,,,1.0,,,
LC_Type1_2018001_aid0007,aid0007,2018-01-01,,,,,,,1.0,,,
LC_Type1_2018001_aid0008,aid0008,2018-01-01,,,,,,,1.0,,,
LC_Type1_2018001_aid0009,aid0009,2018-01-01,,,,,,,1.0,,,
LC_Type1_2018001_aid0010,aid0010,2018-01-01,,,,,,,1.0,,,
LC_Type1_2018001_aid0011,aid0011,2018-01-01,,,,,,,1.0,,,
LC_Type1_2018001_aid0012,aid0012,2018-01-01,,,,,,,1.0,,,
LC_Type1_2018001_aid0013,aid0013,2018-01-01,,,,,,,1.0,,,
LC_Type1_2018001_aid0014,aid0014,2018-01-01,,,,,,,1.0,,,
LC_Type1_2018001_aid0015,aid0015,2018-01-01,,,,,,,1.0,,,
LC_Type1_2018001_aid0016,aid0016,2018-01-01,,,,,,,1.0,,,
LC_Type1_2018001_aid0017,aid0017,2018-01-01,,,,,,,1.0,,,
LC_Type1_2018001_aid0018,aid0018,2018-01-01,,,,,,,1.0,,,
LC_Type1_2018001_aid0019,aid0019,2018-01-01,,,,,,,1.0,,,
LC_Type1_2018001_aid0020,aid0020,2018-01-01,,,,,,,1.0,,,
LC_Type1_2018001_aid0021,aid0021,2018-01-01,,,,,,,1.0,,,
LC_Type1_2018001_aid0022,aid0022,2018-01-01,,,,,,,1.0,,,
LC_Type1_2018001_aid0023,aid0023,2018-01-01,,,,,,,1.0,,,
LC_Type1_2018001_aid0024,aid0024,2018-01-01,,,,,,,1.0,,,
LC_Type1_2018001_aid0025,aid0025,2018-01-01,,,,,,,1.0,,,
LC_Type1_2018001_aid0026,aid0026,2018-01-01,,,,,,,1.0,,,
LC_Type1_2018001_aid0027,aid0027,2018-01-01,,,,,,,1.0,,,
LC_Type1_2018001_aid0028,aid0028,2018-01-01,,,,,,,1.0,,,
LC_Type1_2018001_aid0029,aid0029,2018-01-01,,,,,,,1.0,,,
LC_Type1_2018001_aid0030,aid0030,2018-01-01,,,,,,,1.0,,,
LC_Type1_2018001_aid0031,aid0031,2018-01-01,,,,,,,1.0,,,
LC_Type1_2018001_aid0032,aid0032,2018-01-01,,,,,,,1.0,,,
LC_Type1_2018001_aid0033,aid0033,2018-01-01,,,,,,,1.0,,,
LC_Type1_2018001_aid0034,aid0034,2018-01-01,,,,,,,1.0,,,
LC_Type1_2018001_aid0035,aid0035,2018-01-01,,,,,,,1.0,,,
LC_Type1_2018001_aid0036,aid0036,2018-01-01,,,,,,,1.0,,,
LC_Type1_2018001_aid0037,aid0037,2018-01-01,,,,,,,1.0,,,
LC_Type1_2018001_aid0038,aid0038,2018-01-01,,,,,,,1.0,,,
LC_Type1_2018001_aid0039,aid0039,2018-01-01,,,,,,,1.0,,,
LC_Type1_2018001_aid0040,aid0040,2018-01-01,,,,,,,1.0,,,
LC_Type1_2018001_aid0041,aid0041,2018-01-01,,,,,,,1.0,,,
LC_Type1_2018001_aid0042,aid0042,2018-01-01,,,,,,,1.0,,,
LC_Type1_2018001_aid0043,aid0043,2018-01-01,,,,,,,1.0,,,
LC_Type1_2018001_aid0044,aid0044,2018-01-01,,,,,,,1.0,,,
LC_Type1_2018001_aid0045,aid0045,2018-01-01,,,,,,,1.0,,,
LC_Type1_2018001_aid0046,aid0046,2018-01-01,,,,,,,1.0,,,
LC_Type1_2018001_aid0047,aid0047,2018-01-01,,,,,,,1.0,,,
LC_Type1_2018001_aid0048,aid0048,2018-01-01,,,,,,,1.0,,,
LC_Type1_2018001_aid0049,aid0049,2018-01-01,,,,,,,1.0,,,
LC_Type1_2018001_aid0050,aid0050,2018-01-01,,,,,,,1.0,,,
LC_Type1_2018001_aid0051,aid0051,2018-01-01,,,,,,,1.0,,,
LC_Type1_2018001_aid0052,aid0052,2018-01-01,,,,,,,1.0,,,
LC_Type1_2018001_aid0053,aid0053,2018-01-01,,,,,,,1.0,,,
LC_Type1_2018001_aid0054,aid0054,2018-01-01,,,,,,,1.0,,,
LC_Type1_2018001_aid0055,aid0055,2018-01-01,,,,,,,1.0,,,
LC_Type1_2018001_aid0056,aid0056,2018-01-01,,,,,,,1.0,,,
LC_Type1_2018001_aid0057,aid0057,2018-01-01,,,,,,,1.0,,,
LC_Type1_2018001_aid0058,aid0058,2018-01-01,,,,,,,1.0,,,
LC_Type1_2018001_aid0059,aid0059,2018-01-01,,,,,,,1.0,,,
LC_Type1_2018001_aid0060,aid0060,2018-01-01,,,,,,,1.0,,,
LC_Type1_2018001_aid0061,aid0061,2018-01-01,,,,,,,1.0,,,
LC_Type1_2018001_aid0062,aid0062,2018-01-01,,,,,,,1.0,,,
LC_Type1_2018001_aid0063,aid0063,2018-01-01,,,,,,,1.0,,,
LC_Type1_2018001_aid0064,aid0064,2018-01-01,,,,,,,1.0,,,
LC_Type1_2018001_aid0065,aid0065,2018-01-01,,,,,,,1.0,,,
LC_Type1_2018001_aid0066,aid0066,2018-01-01,,,,,,,1.0,,,
LC_Type1_2018001_aid0067,aid0067,2018-01-01,,,,,,,1.0,,,
LC_Type1_2018001_aid0068,aid0068,2018-01-01,,,,,,,1.0,,,
LC_Type1_2018001_aid0069,aid0069,2018-01-01,,,,,,,1.0,,,
LC_Type1_2018001_aid0070,aid0070,2018-01-01,,,,,,,1.0,,,
LC_Type1_2018001_aid0071,aid0071,2018-01-01,,,,,,,1.0,,,
LC_Type1_2018001_aid0072,aid0072,2018-01-01,,,,,,,1.0,,,
LC_Type1_2018001_aid0073,aid0073,2018-01-01,,,,,,,1.0,,,
LC_Type1_2018001_aid0074,aid0074,2018-01-01,,,,,,,1.0,,,
LC_Type1_2018001_aid0075,aid0075,2018-01-01,,,,,,,1.0,,,
LC_Type1_2018001_aid0076,aid0076,2018-01-01,,,,,,,1.0,,,
LC_Type1_2018001_aid0077,aid0077,2018-01-01,,,,,,,2.0,,,
LC_Type1_2018001_aid0078,aid0078,2018-01-01,,,,,,,,,,1.0
LC_Type1_2018001_aid0079,aid0079,2018-01-01,,,,,,,1.0,,,
LC_Type1_2018001_aid0080,aid0080,2018-01-01,,,,,,,2.0,,,
LC_Type1_2018001_aid0081,aid0081,2018-01-01,,,,,,,1.0,,,
LC_Type1_2018001_aid0082,aid0082,2018-01-01,,,,,,,2.0,,,
LC_Type1_2018001_aid0083,aid0083,2018-01-01,,,,,,,2.0,,,
LC_Type1_2018001_aid0084,aid0084,2018-01-01,,,,,,,2.0,,,
LC_Type1_2018001_aid0085,aid0085,2018-01-01,,,,,,,1.0,,,
LC_Type1_2018001_aid0086,aid0086,2018-01-01,,,,,,,1.0,,,
LC_Type1_2018001_aid0087,aid0087,2018-01-01,,,,,,,1.0,,,
LC_Type1_2018001_aid0088,aid0088,2018-01-01,,,,,,,2.0,,,
LC_Type1_2018001_aid0089,aid0089,2018-01-01,,,,,,,,,,1.0
LC_Type1_2018001_aid0090,aid0090,2018-01-01,,,,,,,1.0,,,
LC_Type1_2018001_aid0091,aid0091,2018-01-01,,,,,,,1.0,,,
LC_Type1_2018001_aid0092,aid0092,2018-01-01,,,,,,,1.0,,,
LC_Type1_2018001_aid0093,aid0093,2018-01-01,,,,,,,1.0,,,
LC_Type1_2018001_aid0094,aid0094,2018-01-01,,,,,,,1.0,,,
LC_Type1_2018001_aid0095,aid0095,2018-01-01,,,,,,,1.0,,,
LC_Type1_2018001_aid0096,aid0096,2018-01-01,,,,,,,1.0,,,
LC_Type1_2018001_aid0097,aid0097,2018-01-01,,,,,,,1.0,,,
LC_Type1_2018001_aid0098,aid0098,2018-01-01,,,,,,,4.0,,,
LC_Type1_2018001_aid0099,aid0099,2018-01-01,,,,,,,1.0,,,
LC_Type1_2018001_aid0100,aid0100,2018-01-01,,,,,,,,,,1.0
LC_Type1_2018001_aid0101,aid0101,2018-01-01,,,,,,,1.0,,,
LC_Type1_2018001_aid0102,aid0102,2018-01-01,,,,,,,1.0,,,
LC_Type1_2018001_aid0103,aid0103,2018-01-01,,,,,,,1.0,,,
LC_Type1_2018001_aid0104,aid0104,2018-01-01,,,,,,,1.0,,,
LC_Type1_2018001_aid0105,aid0105,2018-01-01,,,,,,,1.0,,,
LC_Type1_2018001_aid0106,aid0106,2018-01-01,,,,,,,1.0,,,
LC_Type1_2018001_aid0107,aid0107,2018-01-01,,,,,,,2.0,,,
LC_Type1_2018001_aid0108,aid0108,2018-01-01,,,,,,,1.0,,,
LC_Type1_2018001_aid0109,aid0109,2018-01-01,,,,,,,1.0,,,
LC_Type1_2018001_aid0110,aid0110,2018-01-01,,,,,,,1.0,,,
LC_Type1_2018001_aid0111,aid0111,2018-01-01,,,,,,,,,,1.0
LC_Type1_2018001_aid0112,aid0112,2018-01-01,,,,,,,1.0,,,
LC_Type1_2018001_aid0113,aid0113,2018-01-01,,,,,,,1.0,,,
LC_Type1_2018001_aid0114,aid0114,2018-01-01,,,,,,,1.0,,,
LC_Type1_2018001_aid0115,aid0115,2018-01-01,,,,,,,1.0,,,
LC_Type1_2018001_aid0116,aid0116,2018-01-01,,,,,,,2.0,,,
LC_Type1_2018001_aid0117,aid0117,2018-01-01,,,,,,,2.0,,,
LC_Type1_2018001_aid0118,aid0118,2018-01-01,,,,,,,1.0,,,
LC_Type1_2018001_aid0119,aid0119,2018-01-01,,,,,,,1.0,,,
LC_Type1_2018001_aid0120,aid0120,2018-01-01,,,,,,,2.0,,,
LC_Type1_2018001_aid0121,aid0121,2018-01-01,,,,,,,2.0,,,
LC_Type1_2018001_aid0122,aid0122,2018-01-01,,,,,,,,,,1.0
LC_Type1_2018001_aid0123,aid0123,2018-01-01,,,,,,,1.0,,,
LC_Type1_2018001_aid0124,aid0124,2018-01-01,,,,,,,2.0,,,
LC_Type1_2018001_aid0125,aid0125,2018-01-01,,,,,,,1.0,,,
LC_Type1_2018001_aid0126,aid0126,2018-01-01,,,,,,,1.0,,,
LC_Type1_2018001_aid0127,aid0127,2018-01-01,,,,,,,1.0,,,
LC_Type1_2018001_aid0128,aid0128,2018-01-01,,,,,,,1.0,,,
LC_Type1_2018001_aid0129,aid0129,2018-01-01,,,,,,,1.0,,,
LC_Type1_2018001_aid0130,aid0130,2018-01-01,,,,,,,1.0,,,
LC_Type1_2018001_aid0131,aid0131,2018-01-01,,,,,,,1.0,,,
LC_Type1_2018001_aid0132,aid0132,2018-01-01,,,,,,,1.0,,,
LC_Type1_2018001_aid0133,aid0133,2018-01-01,,,,,,,1.0,,,1.0
LC_Type1_2018001_aid0134,aid0134,2018-01-01,,,,,,,1.0,,,
LC_Type1_2018001_aid0135,aid0135,2018-01-01,,,,,,,1.0,,,
LC_Type1_2018001_aid0136,aid0136,2018-01-01,,,,,,,1.0,,,
LC_Type1_2018001_aid0137,aid0137,2018-01-01,,,,,,,1.0,,,
LC_Type1_2018001_aid0138,aid0138,2018-01-01,,,,,,,1.0,,,
LC_Type1_2018001_aid0139,aid0139,2018-01-01,,,,,,,1.0,,,
LC_Type1_2018001_aid0140,aid0140,2018-01-01,,,,,,,1.0,,,
LC_Type1_2018001_aid0141,aid0141,2018-01-01,,,,,,,1.0,,,
LC_Type1_2018001_aid0142,aid0142,2018-01-01,,,,,,,4.0,,,
LC_Type1_2018001_aid0143,aid0143,2018-01-01,,,,,,,6.0,,,
LC_Type1_2018001_aid0144,aid0144,2018-01-01,,,,,,,,,,1.0
LC_Type1_2018001_aid0145,aid0145,2018-01-01,,,,,,,3.0,,,
LC_Type1_2018001_aid0146,aid0146,2018-01-01,,,,,,,6.0,,,
LC_Type1_2018001_aid0147,aid0147,2018-01-01,,,,,,,5.0,,,
LC_Type1_2018001_aid0148,aid0148,2018-01-01,,,,,,,1.0,,,
LC_Type1_2018001_aid0149,aid0149,2018-01-01,,,,,,,6.0,,,
LC_Type1_2018001_aid0150,aid0150,2018-01-01,,,,,,,19.0,,,
LC_Type1_2018001_aid0151,aid0151,2018-01-01,,,,,,,9.0,,,
LC_Type1_2018001_aid0152,aid0152,2018-01-01,,,,,,,22.0,,,
LC_Type1_2018001_aid0153,aid0153,2018-01-01,,,,,,,16.0,,,
LC_Type1_2018001_aid0154,aid0154,2018-01-01,,,,,,,26.0,,,
LC_Type1_2018001_aid0155,aid0155,2018-01-01,,,,,,,1.0,,,
LC_Type1_2018001_aid0156,aid0156,2018-01-01,,,,,,,3.0,,,
LC_Type1_2018001_aid0157,aid0157,2018-01-01,,,,,,,33.0,,,
LC_Type1_2018001_aid0158,aid0158,2018-01-01,,,,,,,10.0,,,
LC_Type1_2018001_aid0159,aid0159,2018-01-01,,,,,,,17.0,,,
LC_Type1_2018001_aid0160,aid0160,2018-01-01,,,,,,,12.0,,,
LC_Type1_2018001_aid0161,aid0161,2018-01-01,,,,,,,19.0,,,
LC_Type1_2018001_aid0162,aid0162,2018-01-01,,,,,,,21.0,,,
LC_Type1_2018001_aid0163,aid0163,2018-01-01,,,,,,,9.0,,,
LC_Type1_2018001_aid0164,aid0164,2018-01-01,1.0,2.0,3.0,,,,16.0,1.0,,
LC_Type1_2018001_aid0165,aid0165,2018-01-01,7.0,1.0,5.0,,,,1.0,,,
LC_Type1_2018001_aid0166,aid0166,2018-01-01,,,,,,,1.0,,,
LC_Type1_2018001_aid0167,aid0167,2018-01-01,,,2.0,,,,,,,
LC_Type1_2018001_aid0168,aid0168,2018-01-01,3.0,2.0,4.0,,,,,,,
LC_Type1_2018001_aid0169,aid0169,2018-01-01,8.0,,,,,,,,,
LC_Type1_2018001_aid0170,aid0170,2018-01-01,2.0,,1.0,,,,,,,
LC_Type1_2018001_aid0171,aid0171,2018-01-01,,2.0,,,,,,,,
LC_Type1_2018001_aid0172,aid0172,2018-01-01,,1.0,4.0,,,,,,,
LC_Type1_2018001_aid0173,aid0173,2018-01-01,,,5.0,,,,25.0,,,
LC_Type1_2018001_aid0174,aid0174,2018-01-01,,,1.0,,,,2.0,,,
LC_Type1_2018001_aid0175,aid0175,2018-01-01,,,6.0,,,,8.0,,,
LC_Type1_2018001_aid0176,aid0176,2018-01-01,,,,,,,1.0,,,
LC_Type1_2018001_aid0177,aid0177,2018-01-01,,,,,,,1.0,,,
LC_Type1_2018001_aid0178,aid0178,2018-01-01,,,,,,,1.0,,,
LC_Type1_2018001_aid0179,aid0179,2018-01-01,,,,,,,1.0,,,
LC_Type1_2018001_aid0180,aid0180,2018-01-01,,,,,,,1.0,,,
LC_Type1_2018001_aid0181,aid0181,2018-01-01,,,,,,,1.0,,,
LC_Type1_2018001_aid0182,aid0182,2018-01-01,,,,,,,1.0,,,
LC_Type1_2018001_aid0183,aid0183,2018-01-01,,,,,,,1.0,,,
LC_Type1_2018001_aid0184,aid0184,2018-01-01,,,,,,,1.0,,,
LC_Type1_2018001_aid0185,aid0185,2018-01-01,,,,,,,1.0,,,
LC_Type1_2018001_aid0186,aid0186,2018-01-01,,,,,,,1.0,,,
LC_Type1_2018001_aid0187,aid0187,2018-01-01,,,,,,,1.0,,,
LC_Type1_2018001_aid0188,aid0188,2018-01-01,,,,,,,1.0,,,
LC_Type1_2018001_aid0189,aid0189,2018-01-01,,,,,,,,,,1.0
LC_Type1_2018001_aid0190,aid0190,2018-01-01,,,,,,,,,,1.0
LC_Type1_2018001_aid0191,aid0191,2018-01-01,,,,,,,1.0,,,
LC_Type1_2018001_aid0192,aid0192,2018-01-01,,,,,,,,,,1.0
LC_Type1_2018001_aid0193,aid0193,2018-01-01,,,,,,,,,,2.0
LC_Type1_2018001_aid0194,aid0194,2018-01-01,,,,,,,,,,1.0
LC_Type1_2018001_aid0195,aid0195,2018-01-01,,,,,,,,,,1.0
LC_Type1_2018001_aid0196,aid0196,2018-01-01,,,,,,,1.0,,,
LC_Type1_2018001_aid0197,aid0197,2018-01-01,,,,,,,1.0,,,
LC_Type1_2018001_aid0198,aid0198,2018-01-01,,,,,,,1.0,,,
LC_Type1_2018001_aid0199,aid0199,2018-01-01,,,,,,,1.0,,,
LC_Type1_2018001_aid0200,aid0200,2018-01-01,,,,,,,1.0,,,
LC_Type1_2018001_aid0201,aid0201,2018-01-01,,,,,,,1.0,,,
LC_Type1_2018001_aid0202,aid0202,2018-01-01,,,,,,,1.0,,,
LC_Type1_2018001_aid0203,aid0203,2018-01-01,,,,,,,1.0,,,
LC_Type1_2018001_aid0204,aid0204,2018-01-01,,,,,,,1.0,,,
LC_Type1_2018001_aid0205,aid0205,2018-01-01,,,,,,,1.0,,,
LC_Type1_2018001_aid0206,aid0206,2018-01-01,,,,,,,1.0,,,
LC_Type1_2018001_aid0207,aid0207,2018-01-01,,,,,,,1.0,,,
LC_Type1_2018001_aid0208,aid0208,2018-01-01,,,,,,,1.0,,,
LC_Type1_2018001_aid0209,aid0209,2018-01-01,,,,,,,1.0,,,
LC_Type1_2018001_aid0210,aid0210,2018-01-01,,,,,,,,,,1.0
LC_Type1_2018001_aid0211,aid0211,2018-01-01,,,,,,,1.0,,,
LC_Type1_2018001_aid0212,aid0212,2018-01-01,,,,,,,1.0,,,
LC_Type1_2018001_aid0213,aid0213,2018-01-01,,,,,,,1.0,,,
LC_Type1_2018001_aid0214,aid0214,2018-01-01,,,,,,,1.0,,,
LC_Type1_2018001_aid0215,aid0215,2018-01-01,,,,,,,2.0,,,
LC_Type1_2018001_aid0216,aid0216,2018-01-01,,,,,,,1.0,,,
LC_Type1_2018001_aid0217,aid0217,2018-01-01,,,,,,,1.0,,,
LC_Type1_2018001_aid0218,aid0218,2018-01-01,,,,,,,1.0,,,
LC_Type1_2018001_aid0219,aid0219,2018-01-01,,,,,,,1.0,,,
LC_Type1_2018001_aid0220,aid0220,2018-01-01,,,,,,,1.0,,,
LC_Type1_2018001_aid0221,aid0221,2018-01-01,,,,,,,1.0,,,
LC_Type1_2018001_aid0222,aid0222,2018-01-01,,,,,,,1.0,,,
LC_Type1_2018001_aid0223,aid0223,2018-01-01,,,,,,,2.0,,,
LC_Type1_2018001_aid0224,aid0224,2018-01-01,,,,,,,2.0,,,
LC_Type1_2018001_aid0225,aid0225,2018-01-01,,,,,,,1.0,,,
LC_Type1_2018001_aid0226,aid0226,2018-01-01,,,,,,,,,,1.0
LC_Type1_2018001_aid0227,aid0227,2018-01-01,,,,,,,1.0,,,
LC_Type1_2018001_aid0228,aid0228,2018-01-01,,,,,,,1.0,,,
LC_Type1_2018001_aid0229,aid0229,2018-01-01,,,,,,,1.0,,,
LC_Type1_2018001_aid0231,aid0231,2018-01-01,,,,,,,,,,1.0
LC_Type1_2018001_aid0232,aid0232,2018-01-01,,,,,,,,,,1.0
LC_Type1_2018001_aid0233,aid0233,2018-01-01,,,,,,,,,,1.0
LC_Type1_2018001_aid0234,aid0234,2018-01-01,,,,,,,1.0,,,
LC_Type1_2018001_aid0235,aid0235,2018-01-01,,,,,,,1.0,,,
LC_Type1_2018001_aid0236,aid0236,2018-01-01,,,,,,,,,,2.0
LC_Type1_2018001_aid0237,aid0237,2018-01-01,,,,,,,1.0,,,1.0
LC_Type1_2018001_aid0238,aid0238,2018-01-01,,,,,,,1.0,,,
LC_Type1_2018001_aid0239,aid0239,2018-01-01,,,,,,,1.0,,,
LC_Type1_2018001_aid0240,aid0240,2018-01-01,,,,,,,1.0,,,
LC_Type1_2018001_aid0241,aid0241,2018-01-01,,,,,,,1.0,,,
LC_Type1_2018001_aid0242,aid0242,2018-01-01,,,,,,,1.0,,,
LC_Type1_2018001_aid0243,aid0243,2018-01-01,,,,,,,1.0,,,1.0
LC_Type1_2018001_aid0244,aid0244,2018-01-01,,,,,,,4.0,,,
LC_Type1_2018001_aid0245,aid0245,2018-01-01,,,,,,,2.0,,,
LC_Type1_2018001_aid0246,aid0246,2018-01-01,,,,,,,1.0,,,
LC_Type1_2018001_aid0247,aid0247,2018-01-01,,,,,,,2.0,,,
LC_Type1_2018001_aid0248,aid0248,2018-01-01,,,,,,,1.0,,,
LC_Type1_2018001_aid0249,aid0249,2018-01-01,,,,,,,1.0,,,
LC_Type1_2018001_aid0250,aid0250,2018-01-01,,,,,,,2.0,,,
LC_Type1_2018001_aid0251,aid0251,2018-01-01,,,,,,,2.0,,,
LC_Type1_2018001_aid0252,aid0252,2018-01-01,,,,,,,2.0,,,
LC_Type1_2018001_aid0253,aid0253,2018-01-01,,,,,,,1.0,,,
LC_Type1_2018001_aid0254,aid0254,2018-01-01,,,,,,,,,,2.0
LC_Type1_2018001_aid0255,aid0255,2018-01-01,,,,,,,2.0,,,
LC_Type1_2018001_aid0256,aid0256,2018-01-01,,,,,,,2.0,,,
LC_Type1_2018001_aid0257,aid0257,2018-01-01,,,,,,,1.0,,,
LC_Type1_2018001_aid0258,aid0258,2018-01-01,,,,,,,1.0,,,
LC_Type1_2018001_aid0259,aid0259,2018-01-01,,,,,,,1.0,,,
LC_Type1_2018001_aid0260,aid0260,2018-01-01,,,,,,,2.0,,,
LC_Type1_2018001_aid0261,aid0261,2018-01-01,,,,,,,2.0,,,
LC_Type1_2018001_aid0262,aid0262,2018-01-01,,,,,,,1.0,,,
LC_Type1_2018001_aid0263,aid0263,2018-01-01,,,,,,,1.0,,,
LC_Type1_2018001_aid0264,aid0264,2018-01-01,,,,,,,2.0,,,
LC_Type1_2018001_aid0265,aid0265,2018-01-01,,,2.0,,,4.0,38.0,,,
LC_Type1_2018001_aid0266,aid0266,2018-01-01,,,,,,,18.0,,,
LC_Type1_2018001_aid0267,aid0267,2018-01-01,,,,,,,16.0,,,
LC_Type1_2018001_aid0268,aid0268,2018-01-01,,,,,,,3.0,,,1.0
LC_Type1_2018001_aid0269,aid0269,2018-01-01,,,1.0,,,,2.0,,,1.0
LC_Type1_2018001_aid0270,aid0270,2018-01-01,,,,,,,2.0,,,
LC_Type1_2018001_aid0271,aid0271,2018-01-01,,,,,,,22.0,,,
LC_Type1_2018001_aid0272,aid0272,2018-01-01,,,,,,,11.0,,,1.0
LC_Type1_2018001_aid0273,aid0273,2018-01-01,,,,,1.0,,,,1.0,6.0
LC_Type1_2018001_aid0274,aid0274,2018-01-01,,,,,,,10.0,,,
LC_Type1_2018001_aid0275,aid0275,2018-01-01,,,,,,,23.0,,,
LC_Type1_2018001_aid0276,aid0276,2018-01-01,,,,,,,10.0,,,
LC_Type1_2018001_aid0277,aid0277,2018-01-01,,,,,,,16.0,,,
LC_Type1_2018001_aid0278,aid0278,2018-01-01,,,,,,,13.0,,,
LC_Type1_2018001_aid0279,aid0279,2018-01-01,,,2.0,,1.0,,11.0,,,2.0
LC_Type1_2018001_aid0280,aid0280,2018-01-01,,,,,,,31.0,,,
LC_Type1_2018001_aid0281,aid0281,2018-01-01,,,,,,,9.0,,,
LC_Type1_2018001_aid0282,aid0282,2018-01-01,,,,,,,23.0,,,
LC_Type1_2018001_aid0283,aid0283,2018-01-01,,,,,,,20.0,,,
LC_Type1_2018001_aid0284,aid0284,2018-01-01,,,,,,,5.0,,,
LC_Type1_2018001_aid0285,aid0285,2018-01-01,,,,,,,13.0,,,
LC_Type1_2018001_aid0286,aid0286,2018-01-01,,,,,,,11.0,,,
LC_Type1_2018001_aid0287,aid0287,2018-01-01,,,,,,,16.0,,,
LC_Type1_2018001_aid0288,aid0288,2018-01-01,,,,,,,4.0,,,
LC_Type1_2018001_aid0289,aid0289,2018-01-01,,,,,,,3.0,,,
LC_Type1_2018001_aid0290,aid0290,2018-01-01,,,,,,,1.0,,,
LC_Type1_2018001_aid0291,aid0291,2018-01-01,,,,,,,20.0,,,
LC_Type1_2018001_aid0292,aid0292,2018-01-01,,,,,,,8.0,,,
LC_Type1_2018001_aid0293,aid0293,2018-01-01,,,,,,,18.0,,,
LC_Type1_2018001_aid0294,aid0294,2018-01-01,,,,,,,8.0,,,
LC_Type1_2018001_aid0295,aid0295,2018-01-01,,,,,,,7.0,,,
LC_Type1_2018001_aid0296,aid0296,2018-01-01,,,,,,,3.0,,,
LC_Type1_2018001_aid0297,aid0297,2018-01-01,,,,,,,2.0,,,
LC_Type1_2018001_aid0298,aid0298,2018-01-01,,,,,,,8.0,,,
LC_Type1_2018001_aid0299,aid0299,2018-01-01,,,,,,,7.0,,,
LC_Type1_2018001_aid0300,aid0300,2018-01-01,,,,,,,7.0,,,
LC_Type1_2018001_aid0301,aid0301,2018-01-01,,,,,,,8.0,,,
LC_Type1_2018001_aid0302,aid0302,2018-01-01,,,,,,,2.0,,,
LC_Type1_2018001_aid0303,aid0303,2018-01-01,,,,,,,6.0,,,
LC_Type1_2018001_aid0304,aid0304,2018-01-01,,,,,,,2.0,,,
LC_Type1_2018001_aid0305,aid0305,2018-01-01,,,,,,,8.0,,,
LC_Type1_2018001_aid0306,aid0306,2018-01-01,,,,,,,23.0,,,
LC_Type1_2018001_aid0307,aid0307,2018-01-01,,,,,,,58.0,,,
LC_Type1_2018001_aid0308,aid0308,2018-01-01,,,,,,,10.0,,,
LC_Type1_2018001_aid0309,aid0309,2018-01-01,,,,,,,5.0,,,
LC_Type1_2018001_aid0310,aid0310,2018-01-01,,,,,,,19.0,,,
LC_Type1_2018001_aid0311,aid0311,2018-01-01,,,,,,,5.0,,,
LC_Type1_2018001_aid0312,aid0312,2018-01-01,,,,,,,3.0,,,
LC_Type1_2018001_aid0313,aid0313,2018-01-01,,,,,,,3.0,,,
LC_Type1_2018001_aid0314,aid0314,2018-01-01,,,,,,,4.0,,,
LC_Type1_2018001_aid0315,aid0315,2018-01-01,,,,,,,7.0,,,
LC_Type1_2018001_aid0316,aid0316,2018-01-01,,,,,,,3.0,,,
LC_Type1_2018001_aid0317,aid0317,2018-01-01,,,,,,,9.0,,,
LC_Type1_2018001_aid0318,aid0318,2018-01-01,,,,,,,3.0,,,
LC_Type1_2018001_aid0319,aid0319,2018-01-01,,,,,,,2.0,,,3.0
LC_Type1_2018001_aid0320,aid0320,2018-01-01,,,,,,,1.0,,,1.0
LC_Type1_2018001_aid0321,aid0321,2018-01-01,,,,,,,7.0,,,5.0
LC_Type1_2018001_aid0322,aid0322,2018-01-01,,,,,,,1.0,,,2.0
LC_Type1_2018001_aid0323,aid0323,2018-01-01,,,,,,,,,,15.0
LC_Type1_2018001_aid0324,aid0324,2018-01-01,,,,,,,1.0,,,
LC_Type1_2018001_aid0325,aid0325,2018-01-01,,,,,,,2.0,,,6.0
LC_Type1_2018001_aid0326,aid0326,2018-01-01,,,,,,,1.0,,,3.0
LC_Type1_2018001_aid0327,aid0327,2018-01-01,,,,,,,5.0,,,5.0
LC_Type1_2018001_aid0328,aid0328,2018-01-01,,,,,,,2.0,,,5.0
LC_Type1_2018001_aid0329,aid0329,2018-01-01,,,,,,,1.0,,,5.0
LC_Type1_2018001_aid0330,aid0330,2018-01-01,,,,,,,1.0,,,5.0
LC_Type1_2018001_aid0331,aid0331,2018-01-01,,,,,,,2.0,,,4.0
LC_Type1_2018001_aid0332,aid0332,2018-01-01,,,,,,,33.0,,,
LC_Type1_2018001_aid0333,aid0333,2018-01-01,,,,,,,1.0,,,3.0
LC_Type1_2018001_aid0334,aid0334,2018-01-01,,,,,,,,,,5.0
LC_Type1_2018001_aid0335,aid0335,2018-01-01,,,,,,,7.0,,,1.0
LC_Type1_2018001_aid0336,aid0336,2018-01-01,,,,,,,6.0,,,2.0
LC_Type1_2018001_aid0337,aid0337,2018-01-01,,,,,,,9.0,,,
LC_Type1_2018001_aid0338,aid0338,2018-01-01,,,,,,,17.0,,,
LC_Type1_2018001_aid0339,aid0339,2018-01-01,,,,,,,4.0,,,
LC_Type1_2018001_aid0340,aid0340,2018-01-01,,,,,,,3.0,,,
LC_Type1_2018001_aid0341,aid0341,2018-01-01,,,,,,,4.0,,,
LC_Type1_2018001_aid0342,aid0342,2018-01-01,,,,,,,5.0,,,
LC_Type1_2018001_aid0343,aid0343,2018-01-01,,,,,,,2.0,,,
LC_Type1_2018001_aid0344,aid0344,2018-01-01,,,,,,,4.0,,,
LC_Type1_2018001_aid0345,aid0345,2018-01-01,,,,,,,1.0,,,
LC_Type1_2018001_aid0346,aid0346,2018-01-01,,,,,,,4.0,,,
LC_Type1_2018001_aid0347,aid0347,2018-01-01,,,,,,,3.0,,,
LC_Type1_2018001_aid0348,aid0348,2018-01-01,,,,,,,3.0,,,
LC_Type1_2018001_aid0349,aid0349,2018-01-01,,,,,,,1.0,,,
LC_Type1_2018001_aid0350,aid0350,2018-01-01,,,,,,,12.0,,,
LC_Type1_2018001_aid0351,aid0351,2018-01-01,,,,,,,8.0,,,
LC_Type1_2018001_aid0352,aid0352,2018-01-01,,,,,,,4.0,,,
LC_Type1_2018001_aid0353,aid0353,2018-01-01,,,,,,,4.0,,,
LC_Type1_2018001_aid0354,aid0354,2018-01-01,,,,,,,3.0,,,
LC_Type1_2018001_aid0355,aid0355,2018-01-01,,,,,,,4.0,,,
LC_Type1_2018001_aid0356,aid0356,2018-01-01,,,,,,,3.0,,,
LC_Type1_2018001_aid0357,aid0357,2018-01-01,,,,,,,5.0,,,
LC_Type1_2018001_aid0358,aid0358,2018-01-01,,,,,,,1.0,,,
LC_Type1_2018001_aid0359,aid0359,2018-01-01,,,,,,,10.0,,,
LC_Type1_2018001_aid0360,aid0360,2018-01-01,,,,,,,3.0,,,
LC_Type1_2018001_aid0361,aid0361,2018-01-01,,,,,,,2.0,,,
LC_Type1_2018001_aid0362,aid0362,2018-01-01,,,,,,,4.0,,,
LC_Type1_2018001_aid0363,aid0363,2018-01-01,,,,,,,4.0,,,
LC_Type1_2018001_aid0364,aid0364,2018-01-01,,,,,,,22.0,,,
LC_Type1_2018001_aid0365,aid0365,2018-01-01,,,,,,,1.0,,,
LC_Type1_2018001_aid0366,aid0366,2018-01-01,,,,,,,1.0,,,
LC_Type1_2018001_aid0367,aid0367,2018-01-01,,,,,,,1.0,,,
LC_Type1_2018001_aid0368,aid0368,2018-01-01,,,,,,,3.0,,,1.0
LC_Type1_2018001_aid0369,aid0369,2018-01-01,,,,,,,1.0,,,
LC_Type1_2018001_aid0370,aid0370,2018-01-01,,,,,,,1.0,,,
LC_Type1_2018001_aid0371,aid0371,2018-01-01,,,,,,,1.0,,,
LC_Type1_2018001_aid0372,aid0372,2018-01-01,,,,,,,,,,1.0
LC_Type1_2018001_aid0373,aid0373,2018-01-01,,,,,,,1.0,,,
LC_Type1_2018001_aid0374,aid0374,2018-01-01,,,,,,,1.0,,,
LC_Type1_2018001_aid0375,aid0375,2018-01-01,,,,,,,1.0,,,
LC_Type1_2018001_aid0376,aid0376,2018-01-01,,,,,,,1.0,,,
LC_Type1_2018001_aid0377,aid0377,2018-01-01,,,,,,,1.0,,,
LC_Type1_2018001_aid0378,aid0378,2018-01-01,,,,,,,1.0,,,
LC_Type1_2018001_aid0379,aid0379,2018-01-01,,,,,,,1.0,,,
LC_Type1_2018001_aid0380,aid0380,2018-01-01,,,,,,,1.0,,,
LC_Type1_2018001_aid0381,aid0381,2018-01-01,,,,,,,1.0,,,
LC_Type1_2018001_aid0382,aid0382,2018-01-01,,,,,,,1.0,,,
LC_Type1_2018001_aid0383,aid0383,2018-01-01,,,,,,,1.0,,,
LC_Type1_2018001_aid0384,aid0384,2018-01-01,,,,,,,1.0,,,
LC_Type1_2018001_aid0385,aid0385,2018-01-01,,,,,,,1.0,,,
LC_Type1_2018001_aid0386,aid0386,2018-01-01,,,,,,,1.0,,,
LC_Type1_2018001_aid0387,aid0387,2018-01-01,,,,,,,1.0,,,
LC_Type1_2018001_aid0388,aid0388,2018-01-01,,,,,,,1.0,,,
LC_Type1_2018001_aid0389,aid0389,2018-01-01,,,,,,,1.0,,,
LC_Type1_2018001_aid0390,aid0390,2018-01-01,,,,,,,1.0,,,
LC_Type1_2018001_aid0391,aid0391,2018-01-01,,,,,,,1.0,,,
LC_Type1_2018001_aid0392,aid0392,2018-01-01,,,,,,,1.0,,,
LC_Type1_2018001_aid0393,aid0393,2018-01-01,,,,,,,,,,1.0
LC_Type1_2018001_aid0394,aid0394,2018-01-01,,,,,,,2.0,,,
LC_Type1_2018001_aid0395,aid0395,2018-01-01,,,,,,,1.0,,,
LC_Type1_2018001_aid0396,aid0396,2018-01-01,,,,,,,1.0,,,
LC_Type1_2018001_aid0397,aid0397,2018-01-01,,,,,,,1.0,,,
LC_Type1_2018001_aid0398,aid0398,2018-01-01,,,,,,,1.0,,,
LC_Type1_2018001_aid0399,aid0399,2018-01-01,,,,,,,1.0,,,
LC_Type1_2018001_aid0401,aid0401,2018-01-01,,,,,,,,,,1.0
LC_Type1_2018001_aid0402,aid0402,2018-01-01,,,,,,,1.0,,,
LC_Type1_2018001_aid0403,aid0403,2018-01-01,,,,,,,1.0,,,
LC_Type1_2018001_aid0404,aid0404,2018-01-01,,,,,,,1.0,,,
LC_Type1_2018001_aid0405,aid0405,2018-01-01,,,,,,,1.0,,,
LC_Type1_2018001_aid0406,aid0406,2018-01-01,,,,,,,1.0,,,
LC_Type1_2018001_aid0407,aid0407,2018-01-01,,,,,,,1.0,,,
LC_Type1_2018001_aid0408,aid0408,2018-01-01,,,,,,,1.0,,,
LC_Type1_2018001_aid0409,aid0409,2018-01-01,,,,,,,,,,1.0
LC_Type1_2018001_aid0410,aid0410,2018-01-01,,,,,,,1.0,,,
LC_Type1_2018001_aid0411,aid0411,2018-01-01,,,,,,,,,,1.0
LC_Type1_2018001_aid0412,aid0412,2018-01-01,,,,,,,1.0,,,
LC_Type1_2018001_aid0413,aid0413,2018-01-01,,,,,,,,,,1.0
LC_Type1_2018001_aid0414,aid0414,2018-01-01,,,,,,,3.0,,,
LC_Type1_2018001_aid0415,aid0415,2018-01-01,,,,,,,3.0,,,
LC_Type1_2018001_aid0416,aid0416,2018-01-01,,,,,,,1.0,,,
LC_Type1_2018001_aid0417,aid0417,2018-01-01,,,,,,,1.0,,,
LC_Type1_2018001_aid0418,aid0418,2018-01-01,,,,,,,1.0,,,
LC_Type1_2018001_aid0419,aid0419,2018-01-01,,,,,,,1.0,,,
LC_Type1_2018001_aid0420,aid0420,2018-01-01,,,,,,,1.0,,,
LC_Type1_2018001_aid0421,aid0421,2018-01-01,,,,,,,1.0,,,
LC_Type1_2018001_aid0422,aid0422,2018-01-01,,,,,,,1.0,,,
LC_Type1_2018001_aid0423,aid0423,2018-01-01,,,,,,,1.0,,,
LC_Type1_2018001_aid0424,aid0424,2018-01-01,,,,,,,1.0,,,
LC_Type1_2018001_aid0425,aid0425,2018-01-01,,,,,,,1.0,,,
LC_Type1_2018001_aid0426,aid0426,2018-01-01,,,,,,,1.0,,,
LC_Type1_2018001_aid0427,aid0427,2018-01-01,,,,,,,1.0,,,
LC_Type1_2018001_aid0428,aid0428,2018-01-01,,,,,,,1.0,,,
LC_Type1_2018001_aid0429,aid0429,2018-01-01,,,,,,,1.0,,,
LC_Type1_2018001_aid0430,aid0430,2018-01-01,,,,,,,1.0,,,
LC_Type1_2018001_aid0431,aid0431,2018-01-01,,,,,,,1.0,,,
LC_Type1_2018001_aid0432,aid0432,2018-01-01,,,,,,,1.0,,,
LC_Type1_2018001_aid0433,aid0433,2018-01-01,,,,,,,1.0,,,
LC_Type1_2018001_aid0434,aid0434,2018-01-01,,,,,,,1.0,,,
LC_Type1_2018001_aid0435,aid0435,2018-01-01,,,,,,,1.0,,,
LC_Type1_2018001_aid0436,aid0436,2018-01-01,,,,,,,1.0,,,
LC_Type1_2018001_aid0437,aid0437,2018-01-01,,,,,,,1.0,,,
LC_Type1_2018001_aid0438,aid0438,2018-01-01,,,,,,,1.0,,,
LC_Type1_2018001_aid0439,aid0439,2018-01-01,,,,,,,1.0,,,
LC_Type1_2018001_aid0440,aid0440,2018-01-01,,,,,,,1.0,,,
LC_Type1_2018001_aid0441,aid0441,2018-01-01,,,,,,,1.0,,,
LC_Type1_2018001_aid0442,aid0442,2018-01-01,,,,,,,1.0,,,
LC_Type1_2018001_aid0443,aid0443,2018-01-01,,,,,,,1.0,,,
LC_Type1_2018001_aid0444,aid0444,2018-01-01,,,,,,,1.0,,,
LC_Type1_2018001_aid0445,aid0445,2018-01-01,,,,,,,,,,1.0
LC_Type1_2018001_aid0446,aid0446,2018-01-01,,,,,,,1.0,,,
LC_Type1_2018001_aid0447,aid0447,2018-01-01,,,,,,,,,,2.0
LC_Type1_2018001_aid0448,aid0448,2018-01-01,,,,,,,,,,1.0
LC_Type1_2018001_aid0449,aid0449,2018-01-01,,,,,,,,,,1.0
LC_Type1_2018001_aid0450,aid0450,2018-01-01,,,,,,,1.0,,,
LC_Type1_2018001_aid0451,aid0451,2018-01-01,,,,,,,,,,1.0
LC_Type1_2018001_aid0452,aid0452,2018-01-01,,,,,,,,,,1.0
LC_Type1_2018001_aid0453,aid0453,2018-01-01,,,,,,,,,,1.0
LC_Type1_2018001_aid0454,aid0454,2018-01-01,,,,,,,,,,1.0
LC_Type1_2018001_aid0455,aid0455,2018-01-01,,,,,,,,,,1.0
LC_Type1_2018001_aid0456,aid0456,2018-01-01,,,,,,,,,,1.0
LC_Type1_2018001_aid0457,aid0457,2018-01-01,,,,,,,,,,1.0
LC_Type1_2018001_aid0458,aid0458,2018-01-01,,,,,,,1.0,,,
LC_Type1_2018001_aid0459,aid0459,2018-01-01,,,,,,,1.0,,,
LC_Type1_2018001_aid0460,aid0460,2018-01-01,,,,,,,1.0,,,
LC_Type1_2018001_aid0461,aid0461,2018-01-01,,,,,,,1.0,,,
LC_Type1_2018001_aid0462,aid0462,2018-01-01,,,,,,,1.0,,,
LC_Type1_2018001_aid0463,aid0463,2018-01-01,,,,,,,1.0,,,
LC_Type1_2018001_aid0464,aid0464,2018-01-01,,,,,,,1.0,,,
LC_Type1_2018001_aid0465,aid0465,2018-01-01,,,,,,,1.0,,,
LC_Type1_2018001_aid0466,aid0466,2018-01-01,,,,,,,,,,1.0
LC_Type1_2018001_aid0467,aid0467,2018-01-01,,,,,,,1.0,,,
LC_Type1_2018001_aid0468,aid0468,2018-01-01,,,,,,,5.0,,,
LC_Type1_2018001_aid0469,aid0469,2018-01-01,,,,,,,1.0,,,
LC_Type1_2018001_aid0470,aid0470,2018-01-01,,,,,,,,,,1.0
LC_Type1_2018001_aid0471,aid0471,2018-01-01,,,,,,,,,,1.0
LC_Type1_2018001_aid0472,aid0472,2018-01-01,,,,,,,1.0,,,
LC_Type1_2018001_aid0473,aid0473,2018-01-01,,,,,,,2.0,,,6.0
LC_Type1_2018001_aid0474,aid0474,2018-01-01,,,,,,,,,,1.0
LC_Type1_2018001_aid0475,aid0475,2018-01-01,,,,,,,,,,1.0
LC_Type1_2018001_aid0476,aid0476,2018-01-01,,,,,,,1.0,,,
LC_Type1_2018001_aid0477,aid0477,2018-01-01,,,,,,,,,,1.0
LC_Type1_2018001_aid0478,aid0478,2018-01-01,,,,,,,,,,1.0
LC_Type1_2018001_aid0479,aid0479,2018-01-01,,,,,,,1.0,,,
LC_Type1_2018001_aid0480,aid0480,2018-01-01,,,,,,,,,,1.0
LC_Type1_2018001_aid0481,aid0481,2018-01-01,,,,,,,1.0,,,
LC_Type1_2018001_aid0482,aid0482,2018-01-01,,,,,,,1.0,,,
LC_Type1_2018001_aid0483,aid0483,2018-01-01,,,,,,,1.0,,,
LC_Type1_2018001_aid0484,aid0484,2018-01-01,,,,,,,1.0,,,
LC_Type1_2018001_aid0485,aid0485,2018-01-01,,,,,,,1.0,,,
LC_Type1_2018001_aid0486,aid0486,2018-01-01,,,,,,,1.0,,,
LC_Type1_2018001_aid0487,aid0487,2018-01-01,,,,,,,1.0,,,
LC_Type1_2018001_aid0488,aid0488,2018-01-01,,,,,,,1.0,,,
LC_Type1_2018001_aid0489,aid0489,2018-01-01,,,,,,,1.0,,,
LC_Type1_2018001_aid0490,aid0490,2018-01-01,,,,,,,1.0,,,
LC_Type1_2018001_aid0491,aid0491,2018-01-01,,,,,,,1.0,,,
LC_Type1_2018001_aid0492,aid0492,2018-01-01,,,,,,,1.0,,,
LC_Type1_2018001_aid0493,aid0493,2018-01-01,,,,,,,1.0,,,
LC_Type1_2018001_aid0494,aid0494,2018-01-01,,,,,,,1.0,,,
LC_Type1_2018001_aid0495,aid0495,2018-01-01,,,,,,,1.0,,,
LC_Type1_2018001_aid0496,aid0496,2018-01-01,,,,,,,1.0,,,
LC_Type1_2018001_aid0497,aid0497,2018-01-01,,,,,,,1.0,,,
LC_Type1_2018001_aid0498,aid0498,2018-01-01,,,,,,,1.0,,,
LC_Type1_2018001_aid0499,aid0499,2018-01-01,,,,,,,1.0,,,
LC_Type1_2018001_aid0500,aid0500,2018-01-01,,,,,,,1.0,,,
LC_Type1_2018001_aid0501,aid0501,2018-01-01,,,,,,,1.0,,,
LC_Type1_2018001_aid0502,aid0502,2018-01-01,,,,,,,1.0,,,
LC_Type1_2018001_aid0503,aid0503,2018-01-01,,,,,,,1.0,,,
LC_Type1_2018001_aid0504,aid0504,2018-01-01,,,,,,,1.0,,,
LC_Type1_2018001_aid0505,aid0505,2018-01-01,,,,,,,1.0,,,
LC_Type1_2018001_aid0506,aid0506,2018-01-01,,,,,,,1.0,,,
LC_Type1_2018001_aid0507,aid0507,2018-01-01,,,,,,,1.0,,,
LC_Type1_2018001_aid0508,aid0508,2018-01-01,,,,,,,1.0,,,
LC_Type1_2018001_aid0509,aid0509,2018-01-01,,,,,,,1.0,,,
LC_Type1_2018001_aid0510,aid0510,2018-01-01,,,,,,,1.0,,,
LC_Type1_2018001_aid0511,aid0511,2018-01-01,,,,,,,1.0,,,
LC_Type1_2018001_aid0512,aid0512,2018-01-01,,,,,,,1.0,,,
LC_Type1_2018001_aid0513,aid0513,2018-01-01,,,,,,,1.0,,,
LC_Type1_2018001_aid0514,aid0514,2018-01-01,,,,,,,1.0,,,
LC_Type1_2018001_aid0515,aid0515,2018-01-01,,,,,,,1.0,,,
LC_Type1_2018001_aid0516,aid0516,2018-01-01,,,,,,,1.0,,,
LC_Type1_2018001_aid0517,aid0517,2018-01-01,,,,,,,1.0,,,
LC_Type1_2018001_aid0518,aid0518,2018-01-01,,,,,,,1.0,,,
LC_Type1_2018001_aid0519,aid0519,2018-01-01,,,,,,,1.0,,,
LC_Type1_2018001_aid0520,aid0520,2018-01-01,,,,,,,1.0,,,
LC_Type1_2018001_aid0521,aid0521,2018-01-01,,,,,,,1.0,,,
LC_Type1_2018001_aid0522,aid0522,2018-01-01,,,,,,,1.0,,,
LC_Type1_2018001_aid0523,aid0523,2018-01-01,,,,,,,1.0,,,
LC_Type1_2018001_aid0524,aid0524,2018-01-01,,,,,,,1.0,,,
LC_Type1_2018001_aid0525,aid0525,2018-01-01,,,,,,,1.0,,,
LC_Type1_2018001_aid0526,aid0526,2018-01-01,,,,,,,1.0,,,
LC_Type1_2018001_aid0527,aid0527,2018-01-01,,,,,,,1.0,,,
LC_Type1_2018001_aid0528,aid0528,2018-01-01,,,,,,,1.0,,,
LC_Type1_2018001_aid0529,aid0529,2018-01-01,,,,,,,1.0,,,
LC_Type1_2018001_aid0530,aid0530,2018-01-01,,,,,,,1.0,,,
LC_Type1_2018001_aid0531,aid0531,2018-01-01,,,,,,,1.0,,,
LC_Type1_2018001_aid0532,aid0532,2018-01-01,,,,,,,1.0,,,
LC_Type1_2018001_aid0533,aid0533,2018-01-01,,,,,,,1.0,,,
LC_Type1_2018001_aid0534,aid0534,2018-01-01,,,,,,,1.0,,,
LC_Type1_2018001_aid0535,aid0535,2018-01-01,,,,,,,1.0,,,
LC_Type1_2018001_aid0536,aid0536,2018-01-01,,,,,,,1.0,,,
LC_Type1_2018001_aid0537,aid0537,2018-01-01,,,,,,,1.0,,,
LC_Type1_2018001_aid0538,aid0538,2018-01-01,,,,,,,1.0,,,
LC_Type1_2018001_aid0539,aid0539,2018-01-01,,,,,,,1.0,,,
LC_Type1_2018001_aid0540,aid0540,2018-01-01,,,,,,,1.0,,,
LC_Type1_2018001_aid0541,aid0541,2018-01-01,,,,,,,1.0,,,
LC_Type1_2018001_aid0542,aid0542,2018-01-01,,,,,,,1.0,,,
LC_Type1_2018001_aid0544,aid0544,2018-01-01,,,,,,,1.0,,,
LC_Type1_2018001_aid0545,aid0545,2018-01-01,,,,,,,1.0,,,
LC_Type1_2018001_aid0546,aid0546,2018-01-01,,,,,,,1.0,,,
LC_Type1_2018001_aid0547,aid0547,2018-01-01,,,,,,,1.0,,,
LC_Type1_2018001_aid0548,aid0548,2018-01-01,,,,,,,1.0,,,
LC_Type1_2018001_aid0549,aid0549,2018-01-01,,,,,,,1.0,,,
LC_Type1_2018001_aid0551,aid0551,2018-01-01,,,,,,,1.0,,,
LC_Type1_2018001_aid0552,aid0552,2018-01-01,,,,,,,5.0,,3.0,2.0
LC_Type1_2018001_aid0553,aid0553,2018-01-01,,,,,,,1.0,,,
LC_Type1_2018001_aid0554,aid0554,2018-01-01,,,,,,,1.0,,,
LC_Type1_2018001_aid0555,aid0555,2018-01-01,,,,,,,1.0,,,
LC_Type1_2018001_aid0556,aid0556,2018-01-01,,,,,,,1.0,,,
LC_Type1_2018001_aid0557,aid0557,2018-01-01,,,,,,,1.0,,,
LC_Type1_2018001_aid0558,aid0558,2018-01-01,,,,,,,1.0,,,
LC_Type1_2018001_aid0559,aid0559,2018-01-01,,,,,,,1.0,,,
LC_Type1_2018001_aid0560,aid0560,2018-01-01,,,,,,,1.0,,,
LC_Type1_2018001_aid0561,aid0561,2018-01-01,,,,,,,1.0,,,
LC_Type1_2018001_aid0562,aid0562,2018-01-01,,,,,,,1.0,,,
LC_Type1_2018001_aid0563,aid0563,2018-01-01,,,,,,,1.0,,,
LC_Type1_2018001_aid0564,aid0564,2018-01-01,,,,,,,1.0,,,
LC_Type1_2018001_aid0565,aid0565,2018-01-01,,,,,,,1.0,,,
LC_Type1_2018001_aid0566,aid0566,2018-01-01,,,,,,,1.0,,,
LC_Type1_2018001_aid0567,aid0567,2018-01-01,,,,,,,1.0,,,
LC_Type1_2018001_aid0568,aid0568,2018-01-01,,,,,,,1.0,,,
LC_Type1_2018001_aid0569,aid0569,2018-01-01,,,,,,,1.0,,,
LC_Type1_2018001_aid0570,aid0570,2018-01-01,,,,,,,1.0,,,
LC_Type1_2018001_aid0571,aid0571,2018-01-01,,,,,,,2.0,,,
LC_Type1_2018001_aid0572,aid0572,2018-01-01,,,,,,,3.0,,,
LC_Type1_2018001_aid0573,aid0573,2018-01-01,,,,,,,1.0,,,
LC_Type1_2018001_aid0574,aid0574,2018-01-01,,,,,,,1.0,,,
LC_Type1_2018001_aid0575,aid0575,2018-01-01,,,,,,,1.0,,,
LC_Type1_2018001_aid0576,aid0576,2018-01-01,,,,,,,1.0,,,
LC_Type1_2018001_aid0577,aid0577,2018-01-01,,,,,,,1.0,,,
LC_Type1_2018001_aid0578,aid0578,2018-01-01,,,,,,,1.0,,,
LC_Type1_2018001_aid0579,aid0579,2018-01-01,,,,,,,1.0,,,
LC_Type1_2018001_aid0580,aid0580,2018-01-01,,,,,,,1.0,,,
LC_Type1_2018001_aid0581,aid0581,2018-01-01,,,,,,,1.0,,,
LC_Type1_2018001_aid0582,aid0582,2018-01-01,,,,,,,1.0,,,
LC_Type1_2018001_aid0583,aid0583,2018-01-01,,,,,,,1.0,,,
LC_Type1_2018001_aid0584,aid0584,2018-01-01,,,,,,,1.0,,,
LC_Type1_2018001_aid0585,aid0585,2018-01-01,,,,,,,1.0,,,
LC_Type1_2018001_aid0586,aid0586,2018-01-01,,,,,,,1.0,,,
LC_Type1_2018001_aid0587,aid0587,2018-01-01,,,,,,,1.0,,,
LC_Type1_2018001_aid0588,aid0588,2018-01-01,,,,,,,1.0,,,
LC_Type1_2018001_aid0589,aid0589,2018-01-01,,,,,,,1.0,,,
LC_Type1_2018001_aid0590,aid0590,2018-01-01,,,,,,,1.0,,,
LC_Type1_2018001_aid0591,aid0591,2018-01-01,,,,,,,1.0,,,
LC_Type1_2018001_aid0592,aid0592,2018-01-01,,,,,,,1.0,,,
LC_Type1_2018001_aid0593,aid0593,2018-01-01,,,,,,,1.0,,,
LC_Type1_2018001_aid0594,aid0594,2018-01-01,,,,,,,1.0,,,
LC_Type1_2018001_aid0595,aid0595,2018-01-01,,,,,,,1.0,,,
LC_Type1_2018001_aid0596,aid0596,2018-01-01,,,,,,,1.0,,,
LC_Type1_2018001_aid0597,aid0597,2018-01-01,,,,,,,1.0,,,
LC_Type1_2018001_aid0598,aid0598,2018-01-01,,,,,,,1.0,,,
LC_Type1_2018001_aid0599,aid0599,2018-01-01,,,,,,,3.0,,,
LC_Type1_2018001_aid0600,aid0600,2018-01-01,,,,,,,1.0,,,
LC_Type1_2018001_aid0601,aid0601,2018-01-01,,,,,,,1.0,,,
LC_Type1_2018001_aid0602,aid0602,2018-01-01,,,,,,,1.0,,,
LC_Type1_2018001_aid0604,aid0604,2018-01-01,,,,,,,2.0,,,
LC_Type1_2018001_aid0605,aid0605,2018-01-01,,,,,,,2.0,,,
LC_Type1_2018001_aid0606,aid0606,2018-01-01,,,,,,,2.0,,,
LC_Type1_2018001_aid0607,aid0607,2018-01-01,,,,,,,1.0,,,
LC_Type1_2018001_aid0608,aid0608,2018-01-01,,,,,,,1.0,,,
LC_Type1_2018001_aid0609,aid0609,2018-01-01,,,,,,,1.0,,,
LC_Type1_2018001_aid0610,aid0610,2018-01-01,,,,,,,1.0,,,
LC_Type1_2018001_aid0611,aid0611,2018-01-01,,,,,,,1.0,,,
LC_Type1_2018001_aid0612,aid0612,2018-01-01,,,,,,,1.0,,,
LC_Type1_2018001_aid0613,aid0613,2018-01-01,,,,,,,1.0,,,
LC_Type1_2018001_aid0614,aid0614,2018-01-01,,,,,,,,,,1.0
LC_Type1_2018001_aid0615,aid0615,2018-01-01,,,,,,,1.0,,,
LC_Type1_2018001_aid0616,aid0616,2018-01-01,,,,,,,1.0,,,
LC_Type1_2018001_aid0617,aid0617,2018-01-01,,,,,,,1.0,,,
LC_Type1_2018001_aid0618,aid0618,2018-01-01,,,,,,,2.0,,,
LC_Type1_2018001_aid0619,aid0619,2018-01-01,,,,,,,1.0,,,
LC_Type1_2018001_aid0620,aid0620,2018-01-01,,,,,,,1.0,,,
LC_Type1_2018001_aid0621,aid0621,2018-01-01,,,,,,,1.0,,,
LC_Type1_2018001_aid0622,aid0622,2018-01-01,,,,,,,1.0,,,
LC_Type1_2018001_aid0623,aid0623,2018-01-01,,,,,,,1.0,,,
LC_Type1_2018001_aid0624,aid0624,2018-01-01,,,,,,,1.0,,,
LC_Type1_2018001_aid0625,aid0625,2018-01-01,,,,,,,1.0,,,
LC_Type1_2018001_aid0626,aid0626,2018-01-01,,,,,,,1.0,,,
LC_Type1_2018001_aid0627,aid0627,2018-01-01,,,,,,,1.0,,,
LC_Type1_2018001_aid0628,aid0628,2018-01-01,,,,,,,1.0,,,
LC_Type1_2018001_aid0629,aid0629,2018-01-01,,,,,,,1.0,,,
LC_Type1_2018001_aid0630,aid0630,2018-01-01,,,,,,,1.0,,,
LC_Type1_2018001_aid0631,aid0631,2018-01-01,,,,,,,1.0,,,
LC_Type1_2018001_aid0632,aid0632,2018-01-01,,,,,,,1.0,,,
LC_Type1_2018001_aid0633,aid0633,2018-01-01,,,,,,,1.0,,,
LC_Type1_2018001_aid0634,aid0634,2018-01-01,,,,,,,1.0,,,
LC_Type1_2018001_aid0635,aid0635,2018-01-01,,,,,,,1.0,,,
LC_Type1_2018001_aid0636,aid0636,2018-01-01,,,,,,,1.0,,,
LC_Type1_2018001_aid0637,aid0637,2018-01-01,,,,,,,1.0,,,
LC_Type1_2018001_aid0638,aid0638,2018-01-01,,,,,,,1.0,,,
LC_Type1_2018001_aid0639,aid0639,2018-01-01,,,,,,,1.0,,,
LC_Type1_2018001_aid0640,aid0640,2018-01-01,,,,,,,1.0,,,
LC_Type1_2018001_aid0641,aid0641,2018-01-01,,,,,,,1.0,,,
LC_Type1_2018001_aid0642,aid0642,2018-01-01,,,,,,,1.0,,,
LC_Type1_2018001_aid0643,aid0643,2018-01-01,,,,,,,1.0,,,
LC_Type1_2018001_aid0644,aid0644,2018-01-01,,,,,,,1.0,,,
LC_Type1_2018001_aid0645,aid0645,2018-01-01,,,,,,,1.0,,,
LC_Type1_2018001_aid0646,aid0646,2018-01-01,,,,,,,1.0,,,
LC_Type1_2018001_aid0647,aid0647,2018-01-01,,,,,,,1.0,,,
LC_Type1_2018001_aid0648,aid0648,2018-01-01,,,,,,,1.0,,,
LC_Type1_2018001_aid0649,aid0649,2018-01-01,,,,,,,1.0,,,
LC_Type1_2018001_aid0650,aid0650,2018-01-01,,,,,,,1.0,,,
LC_Type1_2018001_aid0651,aid0651,2018-01-01,,,,,,,1.0,,,
LC_Type1_2018001_aid0652,aid0652,2018-01-01,,,,,,,1.0,,,
LC_Type1_2018001_aid0653,aid0653,2018-01-01,,,,,,,1.0,,,
LC_Type1_2018001_aid0654,aid0654,2018-01-01,,,,,,,1.0,,,
LC_Type1_2018001_aid0655,aid0655,2018-01-01,,,,,,,1.0,,,
LC_Type1_2018001_aid0656,aid0656,2018-01-01,,,,,,,1.0,,,
LC_Type1_2018001_aid0657,aid0657,2018-01-01,,,,,,,1.0,,,
LC_Type1_2018001_aid0658,aid0658,2018-01-01,,,,,,,1.0,,,
LC_Type1_2018001_aid0659,aid0659,2018-01-01,,,,,,,1.0,,,
LC_Type1_2018001_aid0660,aid0660,2018-01-01,,,,,,,1.0,,,
LC_Type1_2018001_aid0661,aid0661,2018-01-01,,,,,,,1.0,,,
LC_Type1_2018001_aid0662,aid0662,2018-01-01,,,,,,,1.0,,,
LC_Type1_2018001_aid0663,aid0663,2018-01-01,,,,,,,1.0,,,
LC_Type1_2018001_aid0664,aid0664,2018-01-01,,,,,,,1.0,,,
LC_Type1_2018001_aid0665,aid0665,2018-01-01,,,,,,,1.0,,,
LC_Type1_2018001_aid0666,aid0666,2018-01-01,,,,,,,1.0,,,
LC_Type1_2018001_aid0667,aid0667,2018-01-01,,,,,,,1.0,,,
LC_Type1_2018001_aid0668,aid0668,2018-01-01,,,,,,,1.0,,,
LC_Type1_2018001_aid0669,aid0669,2018-01-01,,,,,,,1.0,,,
LC_Type1_2018001_aid0670,aid0670,2018-01-01,,,,,,,1.0,,,
LC_Type1_2018001_aid0671,aid0671,2018-01-01,,,,,,,1.0,,,
LC_Type1_2018001_aid0672,aid0672,2018-01-01,,,,,,,1.0,,,
LC_Type1_2018001_aid0673,aid0673,2018-01-01,,,,,,,1.0,,,
LC_Type1_2018001_aid0674,aid0674,2018-01-01,,,,,,,1.0,,,
LC_Type1_2018001_aid0675,aid0675,2018-01-01,,,,,,,1.0,,,
LC_Type1_2018001_aid0676,aid0676,2018-01-01,,,,,,,1.0,,,
LC_Type1_2018001_aid0677,aid0677,2018-01-01,,,,,,,1.0,,,
LC_Type1_2018001_aid0678,aid0678,2018-01-01,,,,,,,1.0,,,
LC_Type1_2018001_aid0679,aid0679,2018-01-01,,,,,,,1.0,,,
LC_Type1_2018001_aid0680,aid0680,2018-01-01,,,,,,,1.0,,,
LC_Type1_2018001_aid0681,aid0681,2018-01-01,,,,,,,1.0,,,
LC_Type1_2018001_aid0682,aid0682,2018-01-01,,,,,,,1.0,,,
LC_Type1_2018001_aid0683,aid0683,2018-01-01,,,,,,,1.0,,,
LC_Type1_2018001_aid0684,aid0684,2018-01-01,,,,,,,1.0,,,
LC_Type1_2018001_aid0685,aid0685,2018-01-01,,,,,,,1.0,,,
LC_Type1_2018001_aid0686,aid0686,2018-01-01,,,,,,,1.0,,,
LC_Type1_2018001_aid0687,aid0687,2018-01-01,,,,,,,1.0,,,
LC_Type1_2018001_aid0688,aid0688,2018-01-01,,,,,,,1.0,,,
LC_Type1_2018001_aid0689,aid0689,2018-01-01,,,,,,,1.0,,,
LC_Type1_2018001_aid0690,aid0690,2018-01-01,,,,,,,1.0,,,
LC_Type1_2018001_aid0691,aid0691,2018-01-01,,,,,,,1.0,,,
LC_Type1_2018001_aid0692,aid0692,2018-01-01,,,,,,,1.0,,,
LC_Type1_2018001_aid0693,aid0693,2018-01-01,,,,,,,1.0,,,
LC_Type1_2018001_aid0694,aid0694,2018-01-01,,,,,,,1.0,,,
LC_Type1_2018001_aid0695,aid0695,2018-01-01,,,,,,,1.0,,,
LC_Type1_2018001_aid0696,aid0696,2018-01-01,,,,,,,1.0,,,
LC_Type1_2018001_aid0697,aid0697,2018-01-01,,,,,,,1.0,,,
LC_Type1_2018001_aid0698,aid0698,2018-01-01,,,,,,,4.0,,,
LC_Type1_2018001_aid0699,aid0699,2018-01-01,,,,,,,1.0,,,
LC_Type1_2018001_aid0700,aid0700,2018-01-01,,,,,,,1.0,,,
LC_Type1_2018001_aid0701,aid0701,2018-01-01,,,,,,,1.0,,,
LC_Type1_2018001_aid0702,aid0702,2018-01-01,,,,,,,1.0,,,
LC_Type1_2018001_aid0703,aid0703,2018-01-01,,,,,,,1.0,,,
LC_Type1_2018001_aid0704,aid0704,2018-01-01,,,,,,,1.0,,,
LC_Type1_2018001_aid0705,aid0705,2018-01-01,,,,,,,1.0,,,
LC_Type1_2018001_aid0706,aid0706,2018-01-01,,,,,,,1.0,,,
LC_Type1_2018001_aid0707,aid0707,2018-01-01,,,,,,,1.0,,,
LC_Type1_2018001_aid0708,aid0708,2018-01-01,,,,,,,1.0,,,
LC_Type1_2018001_aid0709,aid0709,2018-01-01,,,,,,,1.0,,,
LC_Type1_2018001_aid0710,aid0710,2018-01-01,,,,,,,1.0,,,
LC_Type1_2018001_aid0711,aid0711,2018-01-01,,,,,,,1.0,,,
LC_Type1_2018001_aid0713,aid0713,2018-01-01,,,,,,,,,,1.0
LC_Type1_2018001_aid0714,aid0714,2018-01-01,,,,,,,1.0,,,
LC_Type1_2018001_aid0715,aid0715,2018-01-01,,,,,,,1.0,,,
LC_Type1_2018001_aid0716,aid0716,2018-01-01,,,,,,,1.0,,,
LC_Type1_2018001_aid0717,aid0717,2018-01-01,,,,,,,2.0,,,
LC_Type1_2018001_aid0718,aid0718,2018-01-01,,,,,,,1.0,,,
LC_Type1_2018001_aid0719,aid0719,2018-01-01,,,,,,,1.0,,,
LC_Type1_2018001_aid0720,aid0720,2018-01-01,,,,,,,1.0,,,
LC_Type1_2018001_aid0721,aid0721,2018-01-01,,,,,,,1.0,,,
LC_Type1_2018001_aid0722,aid0722,2018-01-01,,,,,,,1.0,,,
LC_Type1_2018001_aid0723,aid0723,2018-01-01,,,,,,,1.0,,,
LC_Type1_2018001_aid0724,aid0724,2018-01-01,,,,,,,1.0,,,
LC_Type1_2018001_aid0725,aid0725,2018-01-01,,,,,,,1.0,,,
LC_Type1_2018001_aid0726,aid0726,2018-01-01,,,,,,,1.0,,,
LC_Type1_2018001_aid0727,aid0727,2018-01-01,,,,,,,1.0,,,
LC_Type1_2018001_aid0728,aid0728,2018-01-01,,,,,,,1.0,,,
LC_Type1_2018001_aid0729,aid0729,2018-01-01,,,,,,,2.0,,,
LC_Type1_2018001_aid0730,aid0730,2018-01-01,,,,,,,1.0,,,
LC_Type1_2018001_aid0731,aid0731,2018-01-01,,,,,,,1.0,,,
LC_Type1_2018001_aid0732,aid0732,2018-01-01,,,,,,,1.0,,,
LC_Type1_2018001_aid0733,aid0733,2018-01-01,,,,,,,1.0,,,
LC_Type1_2018001_aid0734,aid0734,2018-01-01,,,,,,,1.0,,,
LC_Type1_2018001_aid0735,aid0735,2018-01-01,,,,,,,1.0,,,
LC_Type1_2018001_aid0736,aid0736,2018-01-01,,,,,,,1.0,,,
LC_Type1_2018001_aid0737,aid0737,2018-01-01,,,,,,,1.0,,,
LC_Type1_2018001_aid0738,aid0738,2018-01-01,,,,,,,1.0,,,
LC_Type1_2018001_aid0739,aid0739,2018-01-01,,,,,,,1.0,,,
LC_Type1_2018001_aid0740,aid0740,2018-01-01,,,,,,,1.0,,,
LC_Type1_2018001_aid0741,aid0741,2018-01-01,,,,,,,1.0,,,
LC_Type1_2018001_aid0742,aid0742,2018-01-01,,,,,,,1.0,,,
LC_Type1_2018001_aid0743,aid0743,2018-01-01,,,,,,,1.0,,,
LC_Type1_2018001_aid0744,aid0744,2018-01-01,,,,,,,1.0,,,
LC_Type1_2018001_aid0745,aid0745,2018-01-01,,,,,,,1.0,,,
LC_Type1_2018001_aid0746,aid0746,2018-01-01,,,,,,,1.0,,,
LC_Type1_2018001_aid0747,aid0747,2018-01-01,,,,,,,1.0,,,
LC_Type1_2018001_aid0748,aid0748,2018-01-01,,,,,,,1.0,,,
LC_Type1_2018001_aid0749,aid0749,2018-01-01,,,,,,,1.0,,,
LC_Type1_2018001_aid0750,aid0750,2018-01-01,,,,,,,1.0,,,
LC_Type1_2018001_aid0751,aid0751,2018-01-01,,,,,,,1.0,,,
LC_Type1_2018001_aid0753,aid0753,2018-01-01,,,,,,,1.0,,,
LC_Type1_2018001_aid0754,aid0754,2018-01-01,,,,,,,1.0,,,
LC_Type1_2018001_aid0755,aid0755,2018-01-01,,,,,,,1.0,,,
LC_Type1_2018001_aid0756,aid0756,2018-01-01,,,,,,,1.0,,,
LC_Type1_2018001_aid0757,aid0757,2018-01-01,,,,,,,1.0,,,
LC_Type1_2018001_aid0758,aid0758,2018-01-01,,,,,,,1.0,,,
LC_Type1_2018001_aid0759,aid0759,2018-01-01,,,,,,,1.0,,,
LC_Type1_2018001_aid0760,aid0760,2018-01-01,,,,,,,1.0,,,
LC_Type1_2018001_aid0761,aid0761,2018-01-01,,,,,,,1.0,,,
LC_Type1_2018001_aid0762,aid0762,2018-01-01,,,,,,,1.0,,,
LC_Type1_2018001_aid0763,aid0763,2018-01-01,,,,,,,1.0,,,
LC_Type1_2018001_aid0764,aid0764,2018-01-01,,,,,,,1.0,,,
LC_Type1_2018001_aid0765,aid0765,2018-01-01,,,,,,,1.0,,,
LC_Type1_2018001_aid0766,aid0766,2018-01-01,,,,,,,1.0,,,
LC_Type1_2018001_aid0767,aid0767,2018-01-01,,,,,,,1.0,,,
LC_Type1_2018001_aid0768,aid0768,2018-01-01,,,,,,,1.0,,,
LC_Type1_2018001_aid0769,aid0769,2018-01-01,,,,,,,1.0,,,
LC_Type1_2018001_aid0770,aid0770,2018-01-01,,,,,,,1.0,,,
LC_Type1_2018001_aid0771,aid0771,2018-01-01,,,,,,,1.0,,,
LC_Type1_2018001_aid0772,aid0772,2018-01-01,,,,,,,1.0,,,
LC_Type1_2018001_aid0773,aid0773,2018-01-01,,,,,,,1.0,,,
LC_Type1_2018001_aid0774,aid0774,2018-01-01,,,,,,,1.0,,,
LC_Type1_2018001_aid0775,aid0775,2018-01-01,,,,,,,1.0,,,
LC_Type1_2018001_aid0776,aid0776,2018-01-01,,,,,,,1.0,,,
LC_Type1_2018001_aid0777,aid0777,2018-01-01,,,,,,,1.0,,,
LC_Type1_2018001_aid0778,aid0778,2018-01-01,,,,,,,1.0,,,
LC_Type1_2018001_aid0779,aid0779,2018-01-01,,,,,,,1.0,,,
LC_Type1_2018001_aid0780,aid0780,2018-01-01,,,,,,,1.0,,,
LC_Type1_2018001_aid0781,aid0781,2018-01-01,,,,,,,1.0,,,
LC_Type1_2018001_aid0782,aid0782,2018-01-01,,,,,,,1.0,,,
LC_Type1_2018001_aid0783,aid0783,2018-01-01,,,,,,,1.0,,,
LC_Type1_2018001_aid0784,aid0784,2018-01-01,,,,,,,1.0,,,
LC_Type1_2018001_aid0785,aid0785,2018-01-01,,,,,,,1.0,,,
LC_Type1_2018001_aid0786,aid0786,2018-01-01,,,,,,,1.0,,,
LC_Type1_2018001_aid0787,aid0787,2018-01-01,,,,,,,1.0,,,
LC_Type1_2018001_aid0788,aid0788,2018-01-01,,,,,,,1.0,,,
LC_Type1_2018001_aid0789,aid0789,2018-01-01,,,,,,,1.0,,,
LC_Type1_2018001_aid0790,aid0790,2018-01-01,,,,,,,1.0,,,
LC_Type1_2018001_aid0791,aid0791,2018-01-01,,,,,,,1.0,,,
LC_Type1_2018001_aid0792,aid0792,2018-01-01,,,,,,,1.0,,,
LC_Type1_2018001_aid0793,aid0793,2018-01-01,,,,,,,1.0,,,
LC_Type1_2018001_aid0794,aid0794,2018-01-01,,,,,,,1.0,,,
LC_Type1_2018001_aid0795,aid0795,2018-01-01,,,,,,,1.0,,,
LC_Type1_2018001_aid0796,aid0796,2018-01-01,,,,,,,1.0,,,
LC_Type1_2018001_aid0797,aid0797,2018-01-01,,,,,,,1.0,,,
LC_Type1_2018001_aid0798,aid0798,2018-01-01,,,,,,,1.0,,,
LC_Type1_2018001_aid0799,aid0799,2018-01-01,,,,,,,1.0,,,
LC_Type1_2018001_aid0800,aid0800,2018-01-01,,,,,,,1.0,,,
LC_Type1_2018001_aid0801,aid0801,2018-01-01,,,,,,,1.0,,,
LC_Type1_2018001_aid0802,aid0802,2018-01-01,,,,,,,1.0,,,
LC_Type1_2018001_aid0803,aid0803,2018-01-01,,,,,,,1.0,,,
LC_Type1_2018001_aid0804,aid0804,2018-01-01,,,,,,,1.0,,,
LC_Type1_2018001_aid0805,aid0805,2018-01-01,,,,,,,1.0,,,
LC_Type1_2018001_aid0806,aid0806,2018-01-01,,,,,,,1.0,,,
LC_Type1_2018001_aid0807,aid0807,2018-01-01,,,,,,,1.0,,,
LC_Type1_2018001_aid0808,aid0808,2018-01-01,,,,,,,1.0,,,
LC_Type1_2018001_aid0809,aid0809,2018-01-01,,,,,,,1.0,,,
LC_Type1_2018001_aid0810,aid0810,2018-01-01,,,,,,,1.0,,,
LC_Type1_2018001_aid0811,aid0811,2018-01-01,,,,,,,1.0,,,
LC_Type1_2018001_aid0812,aid0812,2018-01-01,,,,,,,1.0,,,
LC_Type1_2018001_aid0813,aid0813,2018-01-01,,,,,,,1.0,,,
LC_Type1_2018001_aid0814,aid0814,2018-01-01,,,,,,,1.0,,,
LC_Type1_2018001_aid0815,aid0815,2018-01-01,,,,,,,1.0,,,
LC_Type1_2018001_aid0816,aid0816,2018-01-01,,,,,,,1.0,,,
LC_Type1_2018001_aid0817,aid0817,2018-01-01,,,,,,,1.0,,,
LC_Type1_2018001_aid0818,aid0818,2018-01-01,,,,,,,1.0,,,
LC_Type1_2018001_aid0819,aid0819,2018-01-01,,,,,,,1.0,,,
LC_Type1_2018001_aid0820,aid0820,2018-01-01,,,,,,,1.0,,,
LC_Type1_2018001_aid0821,aid0821,2018-01-01,,,,,,,1.0,,,
LC_Type1_2018001_aid0822,aid0822,2018-01-01,,,,,,,1.0,,,
LC_Type1_2018001_aid0823,aid0823,2018-01-01,,,,,,,1.0,,,
LC_Type1_2018001_aid0824,aid0824,2018-01-01,,,,,,,1.0,,,
LC_Type1_2018001_aid0825,aid0825,2018-01-01,,,,,,,1.0,,,
LC_Type1_2018001_aid0826,aid0826,2018-01-01,,,,,,,1.0,,,
LC_Type1_2018001_aid0827,aid0827,2018-01-01,,,,,,,1.0,,,
LC_Type1_2018001_aid0828,aid0828,2018-01-01,,,,,,,1.0,,,
LC_Type1_2018001_aid0829,aid0829,2018-01-01,,,,,,,1.0,,,
LC_Type1_2018001_aid0830,aid0830,2018-01-01,,,,,,,1.0,,,
LC_Type1_2018001_aid0831,aid0831,2018-01-01,,,,,,,1.0,,,
LC_Type1_2018001_aid0832,aid0832,2018-01-01,,,,,,,1.0,,,
LC_Type1_2018001_aid0833,aid0833,2018-01-01,,,,,,,1.0,,,
LC_Type1_2018001_aid0834,aid0834,2018-01-01,,,,,,,1.0,,,
LC_Type1_2018001_aid0835,aid0835,2018-01-01,,,,,,,1.0,,,
LC_Type1_2018001_aid0836,aid0836,2018-01-01,,,,,,,1.0,,,
LC_Type1_2018001_aid0837,aid0837,2018-01-01,,,,,,,1.0,,,
LC_Type1_2018001_aid0838,aid0838,2018-01-01,,,,,,,1.0,,,
LC_Type1_2018001_aid0839,aid0839,2018-01-01,,,,,,,1.0,,,
LC_Type1_2018001_aid0840,aid0840,2018-01-01,,,,,,,1.0,,,
LC_Type1_2018001_aid0841,aid0841,2018-01-01,,,,,,,1.0,,,
LC_Type1_2018001_aid0842,aid0842,2018-01-01,,,,,,,1.0,,,
LC_Type1_2018001_aid0843,aid0843,2018-01-01,,,,,,,1.0,,,
LC_Type1_2018001_aid0844,aid0844,2018-01-01,,,,,,,1.0,,,
LC_Type1_2018001_aid0845,aid0845,2018-01-01,,,,,,,1.0,,,
LC_Type1_2018001_aid0846,aid0846,2018-01-01,,,,,,,1.0,,,
LC_Type1_2018001_aid0847,aid0847,2018-01-01,,,,,,,1.0,,,
LC_Type1_2018001_aid0848,aid0848,2018-01-01,,,,,,,1.0,,,
LC_Type1_2018001_aid0849,aid0849,2018-01-01,,,,,,,1.0,,,
LC_Type1_2018001_aid0850,aid0850,2018-01-01,,,,,,,1.0,,,
LC_Type1_2018001_aid0851,aid0851,2018-01-01,,,,,,,1.0,,,
LC_Type1_2018001_aid0852,aid0852,2018-01-01,,,,,,,1.0,,,
LC_Type1_2018001_aid0853,aid0853,2018-01-01,,,,,,,1.0,,,
LC_Type1_2018001_aid0854,aid0854,2018-01-01,,,,,,,1.0,,,
LC_Type1_2018001_aid0855,aid0855,2018-01-01,,,,,,,1.0,,,
LC_Type1_2018001_aid0856,aid0856,2018-01-01,,,,,,,1.0,,,
LC_Type1_2018001_aid0857,aid0857,2018-01-01,,,,,,,1.0,,,
LC_Type1_2018001_aid0858,aid0858,2018-01-01,,,,,,,1.0,,,
LC_Type1_2018001_aid0859,aid0859,2018-01-01,,,,,,,1.0,,,
LC_Type1_2018001_aid0860,aid0860,2018-01-01,,,,,,,1.0,,,
LC_Type1_2018001_aid0861,aid0861,2018-01-01,,,,,,,1.0,,,
LC_Type1_2018001_aid0862,aid0862,2018-01-01,,,,,,,1.0,,,
LC_Type1_2018001_aid0863,aid0863,2018-01-01,,,,,,,1.0,,,
LC_Type1_2018001_aid0864,aid0864,2018-01-01,,,,,,,1.0,,,
LC_Type1_2018001_aid0865,aid0865,2018-01-01,,,,,,,1.0,,,
LC_Type1_2018001_aid0866,aid0866,2018-01-01,,,,,,,1.0,,,
LC_Type1_2018001_aid0867,aid0867,2018-01-01,,,,,,,1.0,,,
LC_Type1_2018001_aid0868,aid0868,2018-01-01,,,,,,,1.0,,,
LC_Type1_2018001_aid0869,aid0869,2018-01-01,,,,,,,1.0,,,
LC_Type1_2018001_aid0870,aid0870,2018-01-01,,,,,,,1.0,,,
LC_Type1_2018001_aid0871,aid0871,2018-01-01,,,,,,,1.0,,,
LC_Type1_2018001_aid0872,aid0872,2018-01-01,,,,,,,1.0,,,
LC_Type1_2018001_aid0873,aid0873,2018-01-01,,,,,,,1.0,,,
LC_Type1_2018001_aid0874,aid0874,2018-01-01,,,,,,,1.0,,,
LC_Type1_2018001_aid0875,aid0875,2018-01-01,,,,,,,1.0,,,
LC_Type1_2018001_aid0876,aid0876,2018-01-01,,,,,,,1.0,,,
LC_Type1_2018001_aid0877,aid0877,2018-01-01,,,,,,,1.0,,,
LC_Type1_2018001_aid0878,aid0878,2018-01-01,,,,,,,1.0,,,
LC_Type1_2018001_aid0879,aid0879,2018-01-01,,,,,,,1.0,,,
LC_Type1_2018001_aid0880,aid0880,2018-01-01,,,,,,,1.0,,,
LC_Type1_2018001_aid0881,aid0881,2018-01-01,,,,,,,1.0,,,
LC_Type1_2018001_aid0882,aid0882,2018-01-01,,,,,,,1.0,,,
LC_Type1_2018001_aid0883,aid0883,2018-01-01,,,,,,,1.0,,,
LC_Type1_2018001_aid0884,aid0884,2018-01-01,,,,,,,1.0,,,
LC_Type1_2018001_aid0885,aid0885,2018-01-01,,,,,,,1.0,,,
LC_Type1_2018001_aid0886,aid0886,2018-01-01,,,,,,,1.0,,,
LC_Type1_2018001_aid0887,aid0887,2018-01-01,,,,,,,1.0,,,
LC_Type1_2018001_aid0888,aid0888,2018-01-01,,,,,,,1.0,,,
LC_Type1_2018001_aid0889,aid0889,2018-01-01,,,,,,,1.0,,,
LC_Type1_2018001_aid0890,aid0890,2018-01-01,,,,,,,1.0,,,
LC_Type1_2018001_aid0891,aid0891,2018-01-01,,,,,,,1.0,,,
LC_Type1_2018001_aid0892,aid0892,2018-01-01,,,,,,,1.0,,,
LC_Type1_2018001_aid0893,aid0893,2018-01-01,,,,,,,1.0,,,
LC_Type1_2018001_aid0894,aid0894,2018-01-01,,,,,,,2.0,,,
LC_Type1_2018001_aid0895,aid0895,2018-01-01,,,,,,,1.0,,,
LC_Type1_2018001_aid0896,aid0896,2018-01-01,,,,,,,1.0,,,
LC_Type1_2018001_aid0897,aid0897,2018-01-01,,,,,,,1.0,,,
LC_Type1_2018001_aid0898,aid0898,2018-01-01,,,,,,,1.0,,,
LC_Type1_2018001_aid0899,aid0899,2018-01-01,,,,,,,1.0,,,
LC_Type1_2018001_aid0900,aid0900,2018-01-01,,,,,,,1.0,,,
LC_Type1_2018001_aid0901,aid0901,2018-01-01,,,,,,,1.0,,,
LC_Type1_2018001_aid0902,aid0902,2018-01-01,,,,,,,1.0,,,
LC_Type1_2018001_aid0903,aid0903,2018-01-01,,,,,,,1.0,,,
LC_Type1_2018001_aid0904,aid0904,2018-01-01,,,,,,,1.0,,,
LC_Type1_2018001_aid0905,aid0905,2018-01-01,,,,,,,1.0,,,
LC_Type1_2018001_aid0906,aid0906,2018-01-01,,,,,,,4.0,,,
LC_Type1_2018001_aid0907,aid0907,2018-01-01,,,,,,,1.0,,,
LC_Type1_2018001_aid0908,aid0908,2018-01-01,,,,,,,1.0,,,
LC_Type1_2018001_aid0909,aid0909,2018-01-01,,,,,,,1.0,,,
LC_Type1_2018001_aid0910,aid0910,2018-01-01,,,,,,,1.0,,,
LC_Type1_2018001_aid0911,aid0911,2018-01-01,,,,,,,2.0,,,
LC_Type1_2018001_aid0912,aid0912,2018-01-01,,,,,,,1.0,,,
LC_Type1_2018001_aid0913,aid0913,2018-01-01,,,,,,,2.0,,,
LC_Type1_2018001_aid0914,aid0914,2018-01-01,,,,,,,1.0,,,
LC_Type1_2018001_aid0915,aid0915,2018-01-01,,,,,,,1.0,,,
LC_Type1_2018001_aid0916,aid0916,2018-01-01,,,,,,,1.0,,,
LC_Type1_2018001_aid0917,aid0917,2018-01-01,,,,,,,1.0,,,
LC_Type1_2018001_aid0918,aid0918,2018-01-01,,,,,,,2.0,,,
LC_Type1_2018001_aid0919,aid0919,2018-01-01,,,,,,,1.0,,,
LC_Type1_2018001_aid0920,aid0920,2018-01-01,,,,,,,1.0,,,
LC_Type1_2018001_aid0921,aid0921,2018-01-01,,,,,,,1.0,,,
LC_Type1_2018001_aid0922,aid0922,2018-01-01,,,,,,,1.0,,,
LC_Type1_2018001_aid0923,aid0923,2018-01-01,,,,,,,1.0,,,
LC_Type1_2018001_aid0924,aid0924,2018-01-01,,,,,,,1.0,,,
LC_Type1_2018001_aid0925,aid0925,2018-01-01,,,,,,,2.0,,,
LC_Type1_2018001_aid0926,aid0926,2018-01-01,,,,,,,1.0,,,
LC_Type1_2018001_aid0927,aid0927,2018-01-01,,,,,,,1.0,,,
LC_Type1_2018001_aid0928,aid0928,2018-01-01,,,,,,,1.0,,,
LC_Type1_2018001_aid0929,aid0929,2018-01-01,,,,,,,2.0,,,
LC_Type1_2018001_aid0930,aid0930,2018-01-01,,,,,,,1.0,,,
LC_Type1_2018001_aid0931,aid0931,2018-01-01,,,,,,,4.0,,,
LC_Type1_2018001_aid0932,aid0932,2018-01-01,,,,,,,1.0,,,
LC_Type1_2018001_aid0933,aid0933,2018-01-01,,,,,,,1.0,,,
LC_Type1_2018001_aid0934,aid0934,2018-01-01,,,,,,,1.0,,,
LC_Type1_2018001_aid0935,aid0935,2018-01-01,,,,,,,1.0,,,
LC_Type1_2018001_aid0936,aid0936,2018-01-01,,,,,,,1.0,,,
LC_Type1_2018001_aid0937,aid0937,2018-01-01,,,,,,,1.0,,,
LC_Type1_2018001_aid0938,aid0938,2018-01-01,,,,,,,1.0,,,
LC_Type1_2018001_aid0939,aid0939,2018-01-01,,,,,,,1.0,,,
LC_Type1_2018001_aid0940,aid0940,2018-01-01,,,,,,,1.0,,,
LC_Type1_2018001_aid0941,aid0941,2018-01-01,,,,,,,1.0,,,
LC_Type1_2018001_aid0942,aid0942,2018-01-01,,,,,,,1.0,,,
LC_Type1_2018001_aid0943,aid0943,2018-01-01,,,,,,,1.0,,,
LC_Type1_2018001_aid0944,aid0944,2018-01-01,,,,,,,1.0,,,
LC_Type1_2018001_aid0945,aid0945,2018-01-01,,,,,,,2.0,,,
LC_Type1_2018001_aid0946,aid0946,2018-01-01,,,,,,,1.0,,,
LC_Type1_2018001_aid0947,aid0947,2018-01-01,,,,,,,1.0,,,
LC_Type1_2018001_aid0948,aid0948,2018-01-01,,,,,,,1.0,,,
LC_Type1_2018001_aid0949,aid0949,2018-01-01,,,,,,,3.0,,,
LC_Type1_2018001_aid0950,aid0950,2018-01-01,,,,,,,1.0,,,
LC_Type1_2018001_aid0951,aid0951,2018-01-01,,,,,,,1.0,,,
LC_Type1_2018001_aid0952,aid0952,2018-01-01,,,,,,,2.0,,,
LC_Type1_2018001_aid0953,aid0953,2018-01-01,,,,,,,1.0,,,
LC_Type1_2018001_aid0954,aid0954,2018-01-01,,,,,,,1.0,,,
LC_Type1_2018001_aid0955,aid0955,2018-01-01,,,,,,,1.0,,,
LC_Type1_2018001_aid0956,aid0956,2018-01-01,,,,,,,1.0,,,
LC_Type1_2018001_aid0957,aid0957,2018-01-01,,,,,,,1.0,,,
LC_Type1_2018001_aid0958,aid0958,2018-01-01,,,,,,,1.0,,,
LC_Type1_2018001_aid0959,aid0959,2018-01-01,,,,,,,2.0,,,
LC_Type1_2018001_aid0961,aid0961,2018-01-01,,,,,,,1.0,,,
LC_Type1_2018001_aid0962,aid0962,2018-01-01,,,,,,,4.0,,,
LC_Type1_2018001_aid0963,aid0963,2018-01-01,,,,,,,1.0,,,
LC_Type1_2018001_aid0964,aid0964,2018-01-01,,,,,,,1.0,,,
LC_Type1_2018001_aid0965,aid0965,2018-01-01,,,,,,,1.0,,,
LC_Type1_2018001_aid0966,aid0966,2018-01-01,,,,,,,1.0,,,
LC_Type1_2018001_aid0967,aid0967,2018-01-01,,,,,,,1.0,,,
LC_Type1_2018001_aid0968,aid0968,2018-01-01,,,,,,,1.0,,,
LC_Type1_2018001_aid0969,aid0969,2018-01-01,,,,,,,1.0,,,
LC_Type1_2018001_aid0970,aid0970,2018-01-01,,,,,,,2.0,,,
LC_Type1_2018001_aid0971,aid0971,2018-01-01,,,,,,,1.0,,,
LC_Type1_2018001_aid0972,aid0972,2018-01-01,,,,,,,1.0,,,
LC_Type1_2018001_aid0973,aid0973,2018-01-01,,,,,,,2.0,,,
LC_Type1_2018001_aid0974,aid0974,2018-01-01,,,,,,,1.0,,,
LC_Type1_2018001_aid0975,aid0975,2018-01-01,,,,,,,1.0,,,
LC_Type1_2018001_aid0976,aid0976,2018-01-01,,,,,,,4.0,,,
LC_Type1_2018001_aid0977,aid0977,2018-01-01,,,,,,,1.0,,,
LC_Type1_2018001_aid0978,aid0978,2018-01-01,,,,,,,1.0,,,
LC_Type1_2018001_aid0979,aid0979,2018-01-01,,,,,,,1.0,,,
LC_Type1_2018001_aid0980,aid0980,2018-01-01,,,,,,,1.0,,,
LC_Type1_2018001_aid0981,aid0981,2018-01-01,,,,,,,1.0,,,
LC_Type1_2018001_aid0982,aid0982,2018-01-01,,,,,,,7.0,,1.0,5.0
LC_Type1_2018001_aid0983,aid0983,2018-01-01,,,,,,,1.0,,,
LC_Type1_2018001_aid0984,aid0984,2018-01-01,,,,,,,4.0,,,
LC_Type1_2018001_aid0985,aid0985,2018-01-01,,,,,,,1.0,,,
LC_Type1_2018001_aid0986,aid0986,2018-01-01,,,,,,,1.0,,,
LC_Type1_2018001_aid0987,aid0987,2018-01-01,,,,,,,11.0,,,
LC_Type1_2018001_aid0988,aid0988,2018-01-01,,,,,,,1.0,,,
LC_Type1_2018001_aid0989,aid0989,2018-01-01,,,,,,,4.0,,,
LC_Type1_2018001_aid0990,aid0990,2018-01-01,,,,,,,2.0,,,
LC_Type1_2018001_aid0991,aid0991,2018-01-01,,,,,,,2.0,,,
LC_Type1_2018001_aid0992,aid0992,2018-01-01,,,,,,,3.0,,,
LC_Type1_2018001_aid0993,aid0993,2018-01-01,,,,,,,4.0,,,
LC_Type1_2018001_aid0994,aid0994,2018-01-01,,,,,,,2.0,,,
LC_Type1_2018001_aid0995,aid0995,2018-01-01,,,,,,,1.0,,,
LC_Type1_2018001_aid0996,aid0996,2018-01-01,,,,,,,2.0,,,
LC_Type1_2018001_aid0997,aid0997,2018-01-01,,,,,,,1.0,,,
LC_Type1_2018001_aid0998,aid0998,2018-01-01,,,,,,,2.0,,,
LC_Type1_2018001_aid0999,aid0999,2018-01-01,,,,,,,1.0,,,
LC_Type1_2018001_aid1000,aid1000,2018-01-01,,,,,,,2.0,,,
LC_Type1_2018001_aid1001,aid1001,2018-01-01,,,,,,,1.0,,,
LC_Type1_2018001_aid1002,aid1002,2018-01-01,,,,,,,4.0,,,
LC_Type1_2018001_aid1003,aid1003,2018-01-01,,,,,,,2.0,,,
LC_Type1_2018001_aid1004,aid1004,2018-01-01,,,,,,,3.0,,,
LC_Type1_2018001_aid1005,aid1005,2018-01-01,,,,,,,3.0,,1.0,
LC_Type1_2018001_aid1006,aid1006,2018-01-01,,,,,,,2.0,,1.0,
LC_Type1_2018001_aid1007,aid1007,2018-01-01,,,,,,,4.0,,,
LC_Type1_2018001_aid1008,aid1008,2018-01-01,,,,,,,1.0,,,
LC_Type1_2018001_aid1009,aid1009,2018-01-01,,,,,,,3.0,,,
LC_Type1_2018001_aid1010,aid1010,2018-01-01,,,,,,,1.0,,,
LC_Type1_2018001_aid1011,aid1011,2018-01-01,,,,,,,1.0,,,
LC_Type1_2018001_aid1012,aid1012,2018-01-01,,,,,,,2.0,,,
LC_Type1_2018001_aid1013,aid1013,2018-01-01,,,,,,,4.0,,,
LC_Type1_2018001_aid1014,aid1014,2018-01-01,,,,,,,2.0,,,
LC_Type1_2018001_aid1015,aid1015,2018-01-01,,,,,,,3.0,,,
LC_Type1_2018001_aid1016,aid1016,2018-01-01,,,,,,,1.0,,,
LC_Type1_2018001_aid1017,aid1017,2018-01-01,,,,,,,1.0,,,
LC_Type1_2018001_aid1018,aid1018,2018-01-01,,,,,,,1.0,,,
LC_Type1_2018001_aid1019,aid1019,2018-01-01,,,,,,,1.0,,,
LC_Type1_2018001_aid1020,aid1020,2018-01-01,,,,,,,1.0,,,
LC_Type1_2018001_aid1021,aid1021,2018-01-01,,,,,,,1.0,,,
LC_Type1_2018001_aid1022,aid1022,2018-01-01,,,,,,,1.0,,,
LC_Type1_2018001_aid1023,aid1023,2018-01-01,,,,,,,1.0,,,
LC_Type1_2018001_aid1024,aid1024,2018-01-01,,,,,,,1.0,,,
LC_Type1_2018001_aid1025,aid1025,2018-01-01,,,,,,,1.0,,,
LC_Type1_2018001_aid1026,aid1026,2018-01-01,,,,,,,1.0,,,
LC_Type1_2018001_aid1027,aid1027,2018-01-01,,,,,,,1.0,,,
LC_Type1_2018001_aid1028,aid1028,2018-01-01,,,,,,,1.0,,,
LC_Type1_2018001_aid1029,aid1029,2018-01-01,,,,,,,1.0,,,
LC_Type1_2018001_aid1030,aid1030,2018-01-01,,,,,,,1.0,,,
LC_Type1_2018001_aid1031,aid1031,2018-01-01,,,,,,,1.0,,,
LC_Type1_2018001_aid1032,aid1032,2018-01-01,,,,,,,1.0,,,
LC_Type1_2018001_aid1033,aid1033,2018-01-01,,,,,,,1.0,,,
LC_Type1_2018001_aid1034,aid1034,2018-01-01,,,,,,,1.0,,,
LC_Type1_2018001_aid1035,aid1035,2018-01-01,,,,,,,1.0,,,
LC_Type1_2018001_aid1036,aid1036,2018-01-01,,,,,,,1.0,,,
LC_Type1_2018001_aid1037,aid1037,2018-01-01,,,,,,,2.0,,,
LC_Type1_2018001_aid1038,aid1038,2018-01-01,,,,,,,2.0,,,
LC_Type1_2018001_aid1039,aid1039,2018-01-01,,,,,,,2.0,,,
LC_Type1_2018001_aid1040,aid1040,2018-01-01,,,,,,,3.0,,,
LC_Type1_2018001_aid1041,aid1041,2018-01-01,,,,,,,1.0,,,
LC_Type1_2018001_aid1042,aid1042,2018-01-01,,,,,,,1.0,,,
LC_Type1_2018001_aid1044,aid1044,2018-01-01,,,,,,,2.0,,,1.0
LC_Type1_2018001_aid1045,aid1045,2018-01-01,,,,,,,1.0,,,
LC_Type1_2018001_aid1046,aid1046,2018-01-01,,,,,,,1.0,,,
LC_Type1_2018001_aid1047,aid1047,2018-01-01,,,,,,,1.0,,,
LC_Type1_2018001_aid1048,aid1048,2018-01-01,,,,,,,1.0,,,
LC_Type1_2018001_aid1049,aid1049,2018-01-01,,,,,,,1.0,,,
LC_Type1_2018001_aid1050,aid1050,2018-01-01,,,,,,,1.0,,,
LC_Type1_2018001_aid1051,aid1051,2018-01-01,,,,,,,1.0,,,
LC_Type1_2018001_aid1052,aid1052,2018-01-01,,,,,,,1.0,,,
LC_Type1_2018001_aid1053,aid1053,2018-01-01,,,,,,,1.0,,,
LC_Type1_2018001_aid1054,aid1054,2018-01-01,,,,,,,1.0,,,
LC_Type1_2018001_aid1055,aid1055,2018-01-01,,,,,,,1.0,,,
LC_Type1_2018001_aid1056,aid1056,2018-01-01,,,,,,,1.0,,,
LC_Type1_2018001_aid1057,aid1057,2018-01-01,,,,,,,1.0,,,
LC_Type1_2018001_aid1058,aid1058,2018-01-01,,,,,,,1.0,,,
LC_Type1_2018001_aid1059,aid1059,2018-01-01,,,,,,,1.0,,,
LC_Type1_2018001_aid1060,aid1060,2018-01-01,,,,,,,1.0,,,
LC_Type1_2018001_aid1061,aid1061,2018-01-01,,,,,,,1.0,,,
LC_Type1_2018001_aid1062,aid1062,2018-01-01,,,,,,,1.0,,,
LC_Type1_2018001_aid1063,aid1063,2018-01-01,,,,,,,4.0,,,
LC_Type1_2018001_aid1064,aid1064,2018-01-01,,,,,,,1.0,,,
LC_Type1_2018001_aid1065,aid1065,2018-01-01,,,,,,,1.0,,,
LC_Type1_2018001_aid1066,aid1066,2018-01-01,,,,,,,1.0,,,
LC_Type1_2018001_aid1067,aid1067,2018-01-01,,,,,,,1.0,,,
LC_Type1_2018001_aid1068,aid1068,2018-01-01,,,,,,,1.0,,,
LC_Type1_2018001_aid1069,aid1069,2018-01-01,,,,,,,1.0,,,
LC_Type1_2018001_aid1070,aid1070,2018-01-01,,,,,,,2.0,,,
LC_Type1_2018001_aid1071,aid1071,2018-01-01,,,,,,,1.0,,,
LC_Type1_2018001_aid1072,aid1072,2018-01-01,,,,,,,1.0,,,
LC_Type1_2018001_aid1073,aid1073,2018-01-01,,,,,,,1.0,,,
LC_Type1_2018001_aid1074,aid1074,2018-01-01,,,,,,,1.0,,,
LC_Type1_2018001_aid1075,aid1075,2018-01-01,,,,,,,1.0,,,
LC_Type1_2018001_aid1076,aid1076,2018-01-01,,,,,,,1.0,,,
LC_Type1_2018001_aid1077,aid1077,2018-01-01,,,,,,,1.0,,,
LC_Type1_2018001_aid1078,aid1078,2018-01-01,,,,,,,1.0,,,
LC_Type1_2018001_aid1079,aid1079,2018-01-01,,,,,,,1.0,,,
LC_Type1_2018001_aid1080,aid1080,2018-01-01,,,,,,,1.0,,,
LC_Type1_2018001_aid1081,aid1081,2018-01-01,,,,,,,1.0,,,
LC_Type1_2018001_aid1082,aid1082,2018-01-01,,,,,,,1.0,,,
LC_Type1_2018001_aid1083,aid1083,2018-01-01,,,,,,,1.0,,,
LC_Type1_2018001_aid1084,aid1084,2018-01-01,,,,,,,1.0,,,
LC_Type1_2018001_aid1085,aid1085,2018-01-01,,,,,,,1.0,,,
LC_Type1_2018001_aid1086,aid1086,2018-01-01,,,,,,,1.0,,,
LC_Type1_2018001_aid1087,aid1087,2018-01-01,,,,,,,1.0,,,
LC_Type1_2018001_aid1088,aid1088,2018-01-01,,,,,,,1.0,,,
LC_Type1_2018001_aid1089,aid1089,2018-01-01,,,,,,,1.0,,,
LC_Type1_2018001_aid1090,aid1090,2018-01-01,,,,,,,1.0,,,
LC_Type1_2018001_aid1091,aid1091,2018-01-01,,,,,,,1.0,,,
LC_Type1_2018001_aid1092,aid1092,2018-01-01,,,,,,,1.0,,,
LC_Type1_2018001_aid1093,aid1093,2018-01-01,,,,,,,1.0,,,
LC_Type1_2018001_aid1094,aid1094,2018-01-01,,,,,,,1.0,,,
LC_Type1_2018001_aid1095,aid1095,2018-01-01,,,,,,,1.0,,,
LC_Type1_2018001_aid1096,aid1096,2018-01-01,,,,,,,1.0,,,
LC_Type1_2018001_aid1097,aid1097,2018-01-01,,,,,,,1.0,,,
LC_Type1_2018001_aid1098,aid1098,2018-01-01,,,,,,,1.0,,,
LC_Type1_2018001_aid1099,aid1099,2018-01-01,,,,,,,1.0,,,
LC_Type1_2018001_aid1100,aid1100,2018-01-01,,,,,,,1.0,,,
LC_Type1_2018001_aid1101,aid1101,2018-01-01,,,,,,,1.0,,,
LC_Type1_2018001_aid1102,aid1102,2018-01-01,,,,,,,1.0,,,
LC_Type1_2018001_aid1103,aid1103,2018-01-01,,,,,,,1.0,,,
LC_Type1_2018001_aid1104,aid1104,2018-01-01,,,,,,,1.0,,,
LC_Type1_2018001_aid1105,aid1105,2018-01-01,,,,,,,1.0,,,
LC_Type1_2018001_aid1106,aid1106,2018-01-01,,,,,,,1.0,,,
LC_Type1_2018001_aid1107,aid1107,2018-01-01,,,,,,,1.0,,,
LC_Type1_2018001_aid1108,aid1108,2018-01-01,,,,,,,3.0,,,
LC_Type1_2018001_aid1109,aid1109,2018-01-01,,,,,,,1.0,,,
LC_Type1_2018001_aid1110,aid1110,2018-01-01,,,,,,,3.0,,,
LC_Type1_2018001_aid1111,aid1111,2018-01-01,,,,,,,1.0,,,
LC_Type1_2018001_aid1112,aid1112,2018-01-01,,,,,,,5.0,,,
LC_Type1_2018001_aid1113,aid1113,2018-01-01,,,,,,,3.0,,,
LC_Type1_2018001_aid1114,aid1114,2018-01-01,,,,,,,2.0,,,
LC_Type1_2018001_aid1115,aid1115,2018-01-01,,,,,,,1.0,,,
LC_Type1_2018001_aid1116,aid1116,2018-01-01,,,,,,,1.0,,,
LC_Type1_2018001_aid1117,aid1117,2018-01-01,,,,,,,2.0,,,
LC_Type1_2018001_aid1118,aid1118,2018-01-01,,,,,,,4.0,,,
LC_Type1_2018001_aid1119,aid1119,2018-01-01,,,,,,,1.0,,,
LC_Type1_2018001_aid1120,aid1120,2018-01-01,,,,,,,2.0,,,
LC_Type1_2018001_aid1121,aid1121,2018-01-01,,,,,,,2.0,,,
LC_Type1_2018001_aid1122,aid1122,2018-01-01,,,,,,,1.0,,,
LC_Type1_2018001_aid1123,aid1123,2018-01-01,,,,,,,1.0,,,
LC_Type1_2018001_aid1124,aid1124,2018-01-01,,,,,,,1.0,,,
LC_Type1_2018001_aid1125,aid1125,2018-01-01,,,,,,,1.0,,,
LC_Type1_2018001_aid1126,aid1126,2018-01-01,,,,,,,1.0,,,
LC_Type1_2018001_aid1127,aid1127,2018-01-01,,,,,,,1.0,,,
LC_Type1_2018001_aid1128,aid1128,2018-01-01,,,,,,,1.0,,,
LC_Type1_2018001_aid1129,aid1129,2018-01-01,,,,,,,1.0,,,
LC_Type1_2018001_aid1130,aid1130,2018-01-01,,,,,,,3.0,,,
LC_Type1_2018001_aid1131,aid1131,2018-01-01,,,,,,,4.0,,,
LC_Type1_2018001_aid1132,aid1132,2018-01-01,,,,,,,1.0,,,
LC_Type1_2018001_aid1133,aid1133,2018-01-01,,,,,,,1.0,,,
LC_Type1_2018001_aid1134,aid1134,2018-01-01,,,,,,,1.0,,,
LC_Type1_2018001_aid1135,aid1135,2018-01-01,,,,,,,1.0,,,
LC_Type1_2018001_aid1136,aid1136,2018-01-01,,,,,,,1.0,,,
LC_Type1_2018001_aid1137,aid1137,2018-01-01,,,,,,,1.0,,,
LC_Type1_2018001_aid1138,aid1138,2018-01-01,,,,,,,1.0,,,
LC_Type1_2018001_aid1139,aid1139,2018-01-01,,,,,,,1.0,,,
LC_Type1_2018001_aid1140,aid1140,2018-01-01,,,,,,,1.0,,,
LC_Type1_2018001_aid1141,aid1141,2018-01-01,,,,,,,1.0,,,
LC_Type1_2018001_aid1143,aid1143,2018-01-01,,,,,,,1.0,,,
LC_Type1_2018001_aid1144,aid1144,2018-01-01,,,,,,,1.0,,,
LC_Type1_2018001_aid1145,aid1145,2018-01-01,,,,,,,1.0,,,
LC_Type1_2018001_aid1146,aid1146,2018-01-01,,,,,,,1.0,,,
LC_Type1_2018001_aid1147,aid1147,2018-01-01,,,,,,,1.0,,,
LC_Type1_2018001_aid1148,aid1148,2018-01-01,,,,,,,4.0,,,
LC_Type1_2018001_aid1149,aid1149,2018-01-01,,,,,,,1.0,,,
LC_Type1_2018001_aid1150,aid1150,2018-01-01,,,,,,,2.0,,,
LC_Type1_2018001_aid1151,aid1151,2018-01-01,,,,,,,2.0,,,
LC_Type1_2018001_aid1152,aid1152,2018-01-01,,,,,,,1.0,,,
LC_Type1_2018001_aid1153,aid1153,2018-01-01,,,,,,,1.0,,,
LC_Type1_2018001_aid1154,aid1154,2018-01-01,,,,,,,1.0,,,
LC_Type1_2018001_aid1156,aid1156,2018-01-01,,,,,,,1.0,,,
LC_Type1_2018001_aid1157,aid1157,2018-01-01,,,,,,,1.0,,,
LC_Type1_2018001_aid1159,aid1159,2018-01-01,,,,,,,1.0,,,
LC_Type1_2018001_aid1160,aid1160,2018-01-01,,,,,,,1.0,,,
LC_Type1_2018001_aid1161,aid1161,2018-01-01,,,,,,,1.0,,,
LC_Type1_2018001_aid1162,aid1162,2018-01-01,,,,,,,1.0,,,
LC_Type1_2018001_aid1163,aid1163,2018-01-01,,,,,,,1.0,,,
LC_Type1_2018001_aid1164,aid1164,2018-01-01,,,,,,,1.0,,,
LC_Type1_2018001_aid1165,aid1165,2018-01-01,,,,,,,2.0,,,
LC_Type1_2018001_aid1166,aid1166,2018-01-01,,,,,,,1.0,,,
LC_Type1_2018001_aid1167,aid1167,2018-01-01,,,,,,,1.0,,,
LC_Type1_2018001_aid1168,aid1168,2018-01-01,,,,,,,1.0,,,
LC_Type1_2018001_aid1169,aid1169,2018-01-01,,,,,,,1.0,,,
LC_Type1_2018001_aid1170,aid1170,2018-01-01,,,,,,,3.0,,,
LC_Type1_2018001_aid1171,aid1171,2018-01-01,,,,,,,1.0,,,
LC_Type1_2018001_aid1172,aid1172,2018-01-01,,,,,,,1.0,,,
LC_Type1_2018001_aid1173,aid1173,2018-01-01,,,,,,,1.0,,,
LC_Type1_2018001_aid1175,aid1175,2018-01-01,,,,,,,2.0,,,
LC_Type1_2018001_aid1176,aid1176,2018-01-01,,,,,,,1.0,,,
LC_Type1_2018001_aid1177,aid1177,2018-01-01,,,,,,,1.0,,,
LC_Type1_2018001_aid1178,aid1178,2018-01-01,,,,,,,1.0,,,
LC_Type1_2018001_aid1179,aid1179,2018-01-01,,,,,,,1.0,,,
LC_Type1_2018001_aid1180,aid1180,2018-01-01,,,,,,,1.0,,,
LC_Type1_2018001_aid1181,aid1181,2018-01-01,,,,,,,1.0,,,
LC_Type1_2018001_aid1182,aid1182,2018-01-01,,,,,,,1.0,,,
LC_Type1_2018001_aid1183,aid1183,2018-01-01,,,,,,,1.0,,,
LC_Type1_2018001_aid1184,aid1184,2018-01-01,,,,,,,1.0,,,
LC_Type1_2018001_aid1185,aid1185,2018-01-01,,,,,,,43.0,,3.0,7.0
LC_Type1_2018001_aid1186,aid1186,2018-01-01,,,,,,,11.0,,,
LC_Type1_2018001_aid1187,aid1187,2018-01-01,,,,,,,8.0,,,
LC_Type1_2018001_aid1188,aid1188,2018-01-01,,,,,,,22.0,,,
LC_Type1_2018001_aid1189,aid1189,2018-01-01,,,,,,,32.0,,,
LC_Type1_2018001_aid1190,aid1190,2018-01-01,,,,,,,7.0,,,
LC_Type1_2018001_aid1191,aid1191,2018-01-01,,,,,,,12.0,,,
LC_Type1_2018001_aid1192,aid1192,2018-01-01,,,,,,,12.0,,,
LC_Type1_2018001_aid1193,aid1193,2018-01-01,,,,,,,19.0,,,
LC_Type1_2018001_aid1194,aid1194,2018-01-01,,,,,,,12.0,,,
LC_Type1_2018001_aid1195,aid1195,2018-01-01,,,,,,1.0,28.0,,,
LC_Type1_2018001_aid1196,aid1196,2018-01-01,,,,,,,7.0,,,
LC_Type1_2018001_aid1197,aid1197,2018-01-01,,,,,,,6.0,,,
LC_Type1_2018001_aid1198,aid1198,2018-01-01,,,,,,,14.0,,,
LC_Type1_2018001_aid1199,aid1199,2018-01-01,,,,,,,9.0,,,
LC_Type1_2018001_aid1200,aid1200,2018-01-01,,,,,,,30.0,,,
LC_Type1_2018001_aid1201,aid1201,2018-01-01,,,,,,,7.0,,,
LC_Type1_2018001_aid1202,aid1202,2018-01-01,,,,1.0,1.0,,9.0,,,
LC_Type1_2018001_aid1203,aid1203,2018-01-01,,,,,,,31.0,,,
LC_Type1_2018001_aid1204,aid1204,2018-01-01,,,,,,,50.0,,,
LC_Type1_2018001_aid1205,aid1205,2018-01-01,,,8.0,1.0,,8.0,26.0,,,2.0
LC_Type1_2018001_aid1206,aid1206,2018-01-01,,,,,,,32.0,,,3.0
LC_Type1_2018001_aid1207,aid1207,2018-01-01,,,,1.0,1.0,,10.0,,,
LC_Type1_2018001_aid1208,aid1208,2018-01-01,,2.0,10.0,1.0,,10.0,33.0,5.0,,1.0
LC_Type1_2018001_aid1209,aid1209,2018-01-01,,,,,,,,,,1.0
LC_Type1_2018001_aid1210,aid1210,2018-01-01,,,,,,,,,,1.0
LC_Type1_2018001_aid1211,aid1211,2018-01-01,,,,,,,2.0,,,3.0
LC_Type1_2018001_aid1212,aid1212,2018-01-01,,,,,,,2.0,,,3.0
LC_Type1_2018001_aid1213,aid1213,2018-01-01,,,,,,,13.0,,,8.0
LC_Type1_2018001_aid1214,aid1214,2018-01-01,,,,,,,,,,1.0
LC_Type1_2018001_aid1215,aid1215,2018-01-01,,,,,,,1.0,,,2.0
LC_Type1_2018001_aid1216,aid1216,2018-01-01,,,,,,,3.0,,,6.0
LC_Type1_2018001_aid1217,aid1217,2018-01-01,,,,,,,1.0,,,4.0
LC_Type1_2018001_aid1218,aid1218,2018-01-01,,,,,,,2.0,,,5.0
LC_Type1_2018001_aid1219,aid1219,2018-01-01,,,,,,,2.0,,,2.0
LC_Type1_2018001_aid1220,aid1220,2018-01-01,,,,,,,1.0,,,1.0
LC_Type1_2018001_aid1221,aid1221,2018-01-01,,,,,,,1.0,,,3.0
LC_Type1_2018001_aid1222,aid1222,2018-01-01,,,,,,,3.0,,,24.0
LC_Type1_2018001_aid1223,aid1223,2018-01-01,,,,,,,63.0,,,
LC_Type1_2018001_aid1224,aid1224,2018-01-01,,,,1.0,1.0,,11.0,,1.0,1.0
LC_Type1_2018001_aid1225,aid1225,2018-01-01,,,,,,,36.0,,,
LC_Type1_2018001_aid1226,aid1226,2018-01-01,,,,,,,4.0,,,
LC_Type1_2018001_aid1227,aid1227,2018-01-01,,,,,,,13.0,,,
LC_Type1_2018001_aid1228,aid1228,2018-01-01,,,,,,,25.0,,,
LC_Type1_2018001_aid1229,aid1229,2018-01-01,,,,,,,22.0,,,
LC_Type1_2018001_aid1230,aid1230,2018-01-01,,,,,,,27.0,,,
LC_Type1_2018001_aid1231,aid1231,2018-01-01,,,,,,,29.0,,,
LC_Type1_2018001_aid1232,aid1232,2018-01-01,,,2.0,,1.0,,25.0,,,4.0
LC_Type1_2018001_aid1233,aid1233,2018-01-01,,,,,,,26.0,,,
LC_Type1_2018001_aid1234,aid1234,2018-01-01,,,,,,,12.0,,,
LC_Type1_2018001_aid1235,aid1235,2018-01-01,,,,,,,16.0,,,
LC_Type1_2018001_aid1236,aid1236,2018-01-01,,,,,,,19.0,,,
LC_Type1_2018001_aid1237,aid1237,2018-01-01,,,1.0,,1.0,,26.0,,,6.0
LC_Type1_2018001_aid1238,aid1238,2018-01-01,,,,,,,5.0,,,
LC_Type1_2018001_aid1239,aid1239,2018-01-01,,,,,,,,,1.0,
LC_Type1_2018001_aid1240,aid1240,2018-01-01,,,,,,,1.0,,,
LC_Type1_2018001_aid1241,aid1241,2018-01-01,,,,,,,1.0,,,
LC_Type1_2018001_aid1242,aid1242,2018-01-01,,,,,,,1.0,,,
LC_Type1_2018001_aid1243,aid1243,2018-01-01,,,,,,,1.0,,,
LC_Type1_2018001_aid1244,aid1244,2018-01-01,,,,,,,1.0,,,
LC_Type1_2018001_aid1245,aid1245,2018-01-01,,,,,,,1.0,,,
LC_Type1_2018001_aid1246,aid1246,2018-01-01,,,,,,,1.0,,,
LC_Type1_2018001_aid1247,aid1247,2018-01-01,,,,,,,1.0,,,
LC_Type1_2018001_aid1248,aid1248,2018-01-01,,,,,,,1.0,,,
LC_Type1_2018001_aid1249,aid1249,2018-01-01,,,,,,,1.0,,,
LC_Type1_2018001_aid1250,aid1250,2018-01-01,,,,,,,1.0,,,
LC_Type1_2018001_aid1251,aid1251,2018-01-01,,,,,,,1.0,,,
LC_Type1_2018001_aid1252,aid1252,2018-01-01,,,,,,,1.0,,,
LC_Type1_2018001_aid1253,aid1253,2018-01-01,,,,,,,1.0,,,
LC_Type1_2018001_aid1254,aid1254,2018-01-01,,,,,,,1.0,,,
LC_Type1_2018001_aid1255,aid1255,2018-01-01,,,,,,,1.0,,,
LC_Type1_2018001_aid1256,aid1256,2018-01-01,,,,,,,1.0,,,
LC_Type1_2018001_aid1257,aid1257,2018-01-01,,,,,,,1.0,,,
LC_Type1_2018001_aid1258,aid1258,2018-01-01,,,,,,,1.0,,,
LC_Type1_2018001_aid1259,aid1259,2018-01-01,,,,,,,1.0,,,
LC_Type1_2018001_aid1260,aid1260,2018-01-01,,,,,,,1.0,,,
LC_Type1_2018001_aid1261,aid1261,2018-01-01,,,,,,,1.0,,,
LC_Type1_2018001_aid1262,aid1262,2018-01-01,,,,,,,1.0,,,
LC_Type1_2018001_aid1263,aid1263,2018-01-01,,,,,,,1.0,,,
LC_Type1_2018001_aid1265,aid1265,2018-01-01,,,,,,,1.0,,,
LC_Type1_2018001_aid1266,aid1266,2018-01-01,,,,,,,1.0,,,
LC_Type1_2018001_aid1267,aid1267,2018-01-01,,,,,,,1.0,,,
LC_Type1_2018001_aid1268,aid1268,2018-01-01,,,,,,,1.0,,,
LC_Type1_2018001_aid1269,aid1269,2018-01-01,,,,,,,1.0,,,
LC_Type1_2018001_aid1270,aid1270,2018-01-01,,,,,,,1.0,,,
LC_Type1_2018001_aid1271,aid1271,2018-01-01,,,,,,,1.0,,,
LC_Type1_2018001_aid1272,aid1272,2018-01-01,,,,,,,1.0,,,
LC_Type1_2018001_aid1273,aid1273,2018-01-01,,,,,,,2.0,,,
LC_Type1_2018001_aid1274,aid1274,2018-01-01,,,,,,,1.0,,,
LC_Type1_2018001_aid1275,aid1275,2018-01-01,,,,,,,1.0,,,
LC_Type1_2018001_aid1276,aid1276,2018-01-01,,,,,,,1.0,,,
LC_Type1_2018001_aid1277,aid1277,2018-01-01,,,,,,,1.0,,,
LC_Type1_2018001_aid1278,aid1278,2018-01-01,,,,,,,1.0,,,
LC_Type1_2018001_aid1279,aid1279,2018-01-01,,,,,,,1.0,,,
LC_Type1_2018001_aid1280,aid1280,2018-01-01,,,,,,,1.0,,,
LC_Type1_2018001_aid1281,aid1281,2018-01-01,,,,,,,1.0,,,
LC_Type1_2018001_aid1282,aid1282,2018-01-01,,,,,,,1.0,,,
LC_Type1_2018001_aid1283,aid1283,2018-01-01,,,,,,,1.0,,,
LC_Type1_2018001_aid1284,aid1284,2018-01-01,,,,,,,1.0,,,
LC_Type1_2018001_aid1285,aid1285,2018-01-01,,,,,,,1.0,,,
LC_Type1_2018001_aid1286,aid1286,2018-01-01,,,,,,,1.0,,,
LC_Type1_2018001_aid1287,aid1287,2018-01-01,,,,,,,1.0,,,
LC_Type1_2018001_aid1288,aid1288,2018-01-01,,,,,,,1.0,,,
LC_Type1_2018001_aid1289,aid1289,2018-01-01,,,,,,,1.0,,,
LC_Type1_2018001_aid1290,aid1290,2018-01-01,,,,,,,2.0,,,
LC_Type1_2018001_aid1291,aid1291,2018-01-01,,,,,,,1.0,,,
LC_Type1_2018001_aid1292,aid1292,2018-01-01,,,,,,,1.0,,,
LC_Type1_2018001_aid1293,aid1293,2018-01-01,,,,,,,2.0,,,
LC_Type1_2018001_aid1294,aid1294,2018-01-01,,,,,,,1.0,,,
LC_Type1_2018001_aid1295,aid1295,2018-01-01,,,,,,,1.0,,,
LC_Type1_2018001_aid1296,aid1296,2018-01-01,,,,,,,1.0,,,
LC_Type1_2018001_aid1297,aid1297,2018-01-01,,,,,,,1.0,,,
LC_Type1_2018001_aid1298,aid1298,2018-01-01,,,,,,,1.0,,,
LC_Type1_2018001_aid1299,aid1299,2018-01-01,,,,,,,1.0,,,
LC_Type1_2018001_aid1300,aid1300,2018-01-01,,,,,,,1.0,,,
LC_Type1_2018001_aid1301,aid1301,2018-01-01,,,,,,,1.0,,,
LC_Type1_2018001_aid1302,aid1302,2018-01-01,,,,,,,1.0,,,
LC_Type1_2018001_aid1303,aid1303,2018-01-01,,,,,,,1.0,,,
LC_Type1_2018001_aid1304,aid1304,2018-01-01,,,,,,,1.0,,,
LC_Type1_2018001_aid1305,aid1305,2018-01-01,,,,,,,1.0,,,
LC_Type1_2018001_aid1306,aid1306,2018-01-01,,,,,,,1.0,,,
LC_Type1_2018001_aid1307,aid1307,2018-01-01,,,,,,,1.0,,,
LC_Type1_2018001_aid1308,aid1308,2018-01-01,,,,,,,1.0,,,
LC_Type1_2018001_aid1309,aid1309,2018-01-01,,,,,,,1.0,,,
LC_Type1_2018001_aid1310,aid1310,2018-01-01,,,,,,,1.0,,,
LC_Type1_2018001_aid1311,aid1311,2018-01-01,,,,,,,1.0,,,
LC_Type1_2018001_aid1312,aid1312,2018-01-01,,,,,,,1.0,,,
LC_Type1_2018001_aid1313,aid1313,2018-01-01,,,,,,,2.0,,,
LC_Type1_2018001_aid1314,aid1314,2018-01-01,,,,,,,1.0,,,
LC_Type1_2018001_aid1315,aid1315,2018-01-01,,,,,,,1.0,,,
LC_Type1_2018001_aid1316,aid1316,2018-01-01,,,,,,,1.0,,,
LC_Type1_2018001_aid1317,aid1317,2018-01-01,,,,,,,1.0,,,
LC_Type1_2018001_aid1318,aid1318,2018-01-01,,,,,,,1.0,,,
LC_Type1_2018001_aid1319,aid1319,2018-01-01,,,,,,,1.0,,,
LC_Type1_2018001_aid1320,aid1320,2018-01-01,,,,,,,1.0,,,
LC_Type1_2018001_aid1321,aid1321,2018-01-01,,,,,,,1.0,,,
LC_Type1_2018001_aid1322,aid1322,2018-01-01,,,,,,,1.0,,,
LC_Type1_2018001_aid1323,aid1323,2018-01-01,,,,,,,1.0,,,
LC_Type1_2018001_aid1324,aid1324,2018-01-01,,,,,,,1.0,,,
LC_Type1_2018001_aid1325,aid1325,2018-01-01,,,,,,,1.0,,,
LC_Type1_2018001_aid1327,aid1327,2018-01-01,,,,,,,1.0,,,
LC_Type1_2018001_aid1328,aid1328,2018-01-01,,,,,,,1.0,,,
LC_Type1_2018001_aid1329,aid1329,2018-01-01,,,,,,,2.0,,,
LC_Type1_2018001_aid1331,aid1331,2018-01-01,,,,,,,1.0,,,
LC_Type1_2018001_aid1332,aid1332,2018-01-01,,,,,,,16.0,,,
LC_Type1_2018001_aid1333,aid1333,2018-01-01,,,,,,,2.0,,,
LC_Type1_2018001_aid1334,aid1334,2018-01-01,,,,,,,1.0,,,
LC_Type1_2018001_aid1335,aid1335,2018-01-01,,,,,,,1.0,,,
LC_Type1_2018001_aid1337,aid1337,2018-01-01,,,,,,,3.0,,,
LC_Type1_2018001_aid1338,aid1338,2018-01-01,,,,,,,1.0,,,
LC_Type1_2018001_aid1339,aid1339,2018-01-01,,,,,,,1.0,,,
LC_Type1_2018001_aid1340,aid1340,2018-01-01,,,,,,,1.0,,,
LC_Type1_2018001_aid1341,aid1341,2018-01-01,,,,,,,6.0,,,
LC_Type1_2018001_aid1342,aid1342,2018-01-01,,,,,,,2.0,,,
LC_Type1_2018001_aid1343,aid1343,2018-01-01,,,,,,,3.0,,,
LC_Type1_2018001_aid1344,aid1344,2018-01-01,,,,,,,1.0,,,
LC_Type1_2018001_aid1345,aid1345,2018-01-01,,,,,,,6.0,,,
LC_Type1_2018001_aid1346,aid1346,2018-01-01,,,,,,,1.0,,,
LC_Type1_2018001_aid1347,aid1347,2018-01-01,,,,,,,5.0,,,
LC_Type1_2018001_aid1348,aid1348,2018-01-01,,,,,,,1.0,,,
LC_Type1_2018001_aid1349,aid1349,2018-01-01,,,,,,,1.0,,,
LC_Type1_2018001_aid1350,aid1350,2018-01-01,,,,,,,1.0,,,
LC_Type1_2018001_aid1351,aid1351,2018-01-01,,,,,,,1.0,,,
LC_Type1_2018001_aid1352,aid1352,2018-01-01,,,,,,,1.0,,,
LC_Type1_2018001_aid1353,aid1353,2018-01-01,,,,,,,51.0,,,
LC_Type1_2018001_aid1354,aid1354,2018-01-01,,,,,,,1.0,,,
LC_Type1_2018001_aid1355,aid1355,2018-01-01,,,,,,,1.0,,,
LC_Type1_2018001_aid1356,aid1356,2018-01-01,,,,,,,1.0,,,
LC_Type1_2018001_aid1357,aid1357,2018-01-01,,,,,,,1.0,,,
LC_Type1_2018001_aid1358,aid1358,2018-01-01,,,,,,,1.0,,,
LC_Type1_2018001_aid1359,aid1359,2018-01-01,,,,,,,1.0,,,
LC_Type1_2018001_aid1360,aid1360,2018-01-01,,,,,,,1.0,,,
LC_Type1_2018001_aid1361,aid1361,2018-01-01,,,,,,,1.0,,,
LC_Type1_2018001_aid1362,aid1362,2018-01-01,,,,,,,1.0,,,
LC_Type1_2018001_aid1363,aid1363,2018-01-01,,,,,,,,,1.0,
LC_Type1_2018001_aid1364,aid1364,2018-01-01,,,,,,,1.0,,,
LC_Type1_2018001_aid1365,aid1365,2018-01-01,,,,,,,1.0,,,
LC_Type1_2018001_aid1366,aid1366,2018-01-01,,,,,,,1.0,,,
LC_Type1_2018001_aid1367,aid1367,2018-01-01,,,,,,,1.0,,,
LC_Type1_2018001_aid1368,aid1368,2018-01-01,,,,,,,1.0,,,
LC_Type1_2018001_aid1369,aid1369,2018-01-01,,,,,,,1.0,,,
LC_Type1_2018001_aid1370,aid1370,2018-01-01,,,,,,,2.0,,,
LC_Type1_2018001_aid1371,aid1371,2018-01-01,,,,,,,1.0,,,
LC_Type1_2018001_aid1372,aid1372,2018-01-01,,,,,,,1.0,,,
LC_Type1_2018001_aid1373,aid1373,2018-01-01,,,,,,,1.0,,,
LC_Type1_2018001_aid1375,aid1375,2018-01-01,,,,,,,1.0,,,
LC_Type1_2018001_aid1376,aid1376,2018-01-01,,,,,,,1.0,,,
LC_Type1_2018001_aid1377,aid1377,2018-01-01,,,,,,,1.0,,,
LC_Type1_2018001_aid1378,aid1378,2018-01-01,,,,,,,1.0,,,
LC_Type1_2018001_aid1379,aid1379,2018-01-01,,,,,,,1.0,,,
LC_Type1_2018001_aid1380,aid1380,2018-01-01,,,,,,,1.0,,,
LC_Type1_2018001_aid1381,aid1381,2018-01-01,,,,,,,2.0,,,
LC_Type1_2018001_aid1383,aid1383,2018-01-01,,,,,,,1.0,,,
LC_Type1_2018001_aid1384,aid1384,2018-01-01,,,,,,,1.0,,,
LC_Type1_2018001_aid1385,aid1385,2018-01-01,,,,,,,1.0,,,
LC_Type1_2018001_aid1386,aid1386,2018-01-01,,,,,,,1.0,,,
LC_Type1_2018001_aid1387,aid1387,2018-01-01,,,,,,,1.0,,,
LC_Type1_2018001_aid1388,aid1388,2018-01-01,,,,,,,1.0,,,
LC_Type1_2018001_aid1389,aid1389,2018-01-01,,,,,,,1.0,,,
LC_Type1_2018001_aid1390,aid1390,2018-01-01,,,,,,,1.0,,,
LC_Type1_2018001_aid1391,aid1391,2018-01-01,,,,,,,1.0,,,
LC_Type1_2018001_aid1392,aid1392,2018-01-01,,,,,,,1.0,,,
LC_Type1_2018001_aid1393,aid1393,2018-01-01,,,,,,,1.0,,,
LC_Type1_2018001_aid1394,aid1394,2018-01-01,,,,,,,1.0,,,
LC_Type1_2018001_aid1395,aid1395,2018-01-01,,,,,,,1.0,,,
LC_Type1_2018001_aid1396,aid1396,2018-01-01,,,,,,,1.0,,,
LC_Type1_2018001_aid1397,aid1397,2018-01-01,,,,,,,1.0,,,
LC_Type1_2018001_aid1398,aid1398,2018-01-01,,,,,,,1.0,,,
LC_Type1_2018001_aid1399,aid1399,2018-01-01,,,,,,,1.0,,,
LC_Type1_2018001_aid1400,aid1400,2018-01-01,,,,,,,1.0,,,
LC_Type1_2018001_aid1401,aid1401,2018-01-01,,,,,,,1.0,,,
LC_Type1_2018001_aid1402,aid1402,2018-01-01,,,,,,,1.0,,,
LC_Type1_2018001_aid1403,aid1403,2018-01-01,,,,,,,1.0,,,
LC_Type1_2018001_aid1404,aid1404,2018-01-01,,,,,,,1.0,,,
LC_Type1_2018001_aid1405,aid1405,2018-01-01,,,,,,,1.0,,,
LC_Type1_2018001_aid1406,aid1406,2018-01-01,,,,,,,1.0,,,
LC_Type1_2018001_aid1407,aid1407,2018-01-01,,,,,,,1.0,,,
LC_Type1_2018001_aid1408,aid1408,2018-01-01,,,,,,,1.0,,,
LC_Type1_2018001_aid1409,aid1409,2018-01-01,,,,,,,1.0,,,
LC_Type1_2018001_aid1410,aid1410,2018-01-01,,,,,,,1.0,,,
LC_Type1_2018001_aid1411,aid1411,2018-01-01,,,,,,,1.0,,,
LC_Type1_2018001_aid1412,aid1412,2018-01-01,,,,,,,1.0,,,
LC_Type1_2018001_aid1413,aid1413,2018-01-01,,,,,,,1.0,,,
LC_Type1_2018001_aid1414,aid1414,2018-01-01,,,1.0,,,,15.0,,1.0,2.0
LC_Type1_2018001_aid1415,aid1415,2018-01-01,,,,,,,1.0,,,
LC_Type1_2018001_aid1416,aid1416,2018-01-01,,,,,,,1.0,,,
LC_Type1_2018001_aid1417,aid1417,2018-01-01,,,,,,,1.0,,,
LC_Type1_2018001_aid1418,aid1418,2018-01-01,,,,,,,1.0,,,
LC_Type1_2018001_aid1419,aid1419,2018-01-01,,,,,,,1.0,,,
LC_Type1_2018001_aid1420,aid1420,2018-01-01,,,,,,,1.0,,,
LC_Type1_2018001_aid1421,aid1421,2018-01-01,,,,,,,1.0,,,
LC_Type1_2018001_aid1422,aid1422,2018-01-01,,,,,,,1.0,,,
LC_Type1_2018001_aid1423,aid1423,2018-01-01,,,,,,,1.0,,,
LC_Type1_2018001_aid1424,aid1424,2018-01-01,,,,,,,1.0,,,
LC_Type1_2018001_aid1425,aid1425,2018-01-01,,,,,,,1.0,,,
LC_Type1_2018001_aid1426,aid1426,2018-01-01,,,,,,,1.0,,,
LC_Type1_2018001_aid1427,aid1427,2018-01-01,,,,,,,1.0,,,
LC_Type1_2018001_aid1428,aid1428,2018-01-01,,,,,,,1.0,,,
LC_Type1_2018001_aid1429,aid1429,2018-01-01,,,,,,,1.0,,,
LC_Type1_2018001_aid1430,aid1430,2018-01-01,,,,,,,1.0,,,
LC_Type1_2018001_aid1431,aid1431,2018-01-01,,,,,,,1.0,,,
LC_Type1_2018001_aid1432,aid1432,2018-01-01,,,,,,,1.0,,,
LC_Type1_2018001_aid1433,aid1433,2018-01-01,,,,,,,2.0,,,
LC_Type1_2018001_aid1434,aid1434,2018-01-01,,,,,,,2.0,,,
LC_Type1_2018001_aid1435,aid1435,2018-01-01,,,,,,,1.0,,,
LC_Type1_2018001_aid1436,aid1436,2018-01-01,,,,,,,1.0,,,
LC_Type1_2018001_aid1437,aid1437,2018-01-01,,,,,,,2.0,,,
LC_Type1_2018001_aid1438,aid1438,2018-01-01,,,,,,,1.0,,,
LC_Type1_2018001_aid1439,aid1439,2018-01-01,,,,,,,1.0,,,
LC_Type1_2018001_aid1440,aid1440,2018-01-01,,,1.0,,,,6.0,,1.0,3.0
LC_Type1_2018001_aid1441,aid1441,2018-01-01,,,,,,,14.0,,,
LC_Type1_2018001_aid1442,aid1442,2018-01-01,,,,,,,1.0,,,
LC_Type1_2018001_aid1443,aid1443,2018-01-01,,,,,,,5.0,,,
LC_Type1_2018001_aid1444,aid1444,2018-01-01,,,,,,,4.0,,,
LC_Type1_2018001_aid1445,aid1445,2018-01-01,,,,,,,16.0,,,
LC_Type1_2018001_aid1446,aid1446,2018-01-01,,,,,,,21.0,,,
LC_Type1_2018001_aid1447,aid1447,2018-01-01,,,,,,,19.0,,,
LC_Type1_2018001_aid1448,aid1448,2018-01-01,,,,,,,3.0,,,
LC_Type1_2018001_aid1449,aid1449,2018-01-01,,,,,,,11.0,,,
LC_Type1_2018001_aid1450,aid1450,2018-01-01,,,,,,,5.0,,,
LC_Type1_2018001_aid1451,aid1451,2018-01-01,,,,,,,43.0,,,
LC_Type1_2018001_aid1452,aid1452,2018-01-01,,,,,,,18.0,,,
LC_Type1_2018001_aid1453,aid1453,2018-01-01,,,,,,,6.0,,,
LC_Type1_2018001_aid1454,aid1454,2018-01-01,,,,,,,5.0,,,
LC_Type1_2018001_aid1455,aid1455,2018-01-01,,,,,,,13.0,,,
LC_Type1_2018001_aid1456,aid1456,2018-01-01,,,,,,,10.0,,,
LC_Type1_2018001_aid1457,aid1457,2018-01-01,,,,,,,17.0,,,
LC_Type1_2018001_aid1458,aid1458,2018-01-01,,,,,,,1.0,,,
LC_Type1_2018001_aid1459,aid1459,2018-01-01,,,,,,,8.0,,,
LC_Type1_2018001_aid1460,aid1460,2018-01-01,,,,,,,9.0,,,
LC_Type1_2018001_aid1461,aid1461,2018-01-01,,,,,,,1.0,,,
LC_Type1_2018001_aid1462,aid1462,2018-01-01,,,,,,,8.0,,,
LC_Type1_2018001_aid1463,aid1463,2018-01-01,,,,,,,5.0,,,
LC_Type1_2018001_aid1464,aid1464,2018-01-01,,,,,,,2.0,,,
LC_Type1_2018001_aid1465,aid1465,2018-01-01,,,,,,,16.0,,,
LC_Type1_2018001_aid1466,aid1466,2018-01-01,,,,,,,2.0,,,
LC_Type1_2018001_aid1467,aid1467,2018-01-01,,,,,,,2.0,,,
LC_Type1_2018001_aid1468,aid1468,2018-01-01,,,,,,,17.0,,,
LC_Type1_2018001_aid1469,aid1469,2018-01-01,,,,,,,4.0,,,
LC_Type1_2018001_aid1470,aid1470,2018-01-01,,,,,,,30.0,,,
LC_Type1_2018001_aid1471,aid1471,2018-01-01,,,,,,,4.0,,,
LC_Type1_2018001_aid1472,aid1472,2018-01-01,,,,,,,2.0,,,
LC_Type1_2018001_aid1473,aid1473,2018-01-01,,,,,,,4.0,,,
LC_Type1_2018001_aid1474,aid1474,2018-01-01,,,,,,,1.0,,,
LC_Type1_2018001_aid1475,aid1475,2018-01-01,,,,,,,2.0,,,
LC_Type1_2018001_aid1476,aid1476,2018-01-01,,,,,,,4.0,,,
LC_Type1_2018001_aid1477,aid1477,2018-01-01,,,,,,,5.0,,,
LC_Type1_2018001_aid1478,aid1478,2018-01-01,,,,,,,2.0,,,
LC_Type1_2018001_aid1479,aid1479,2018-01-01,,,,,,,6.0,,,
LC_Type1_2018001_aid1480,aid1480,2018-01-01,,,,,,,2.0,,,
LC_Type1_2018001_aid1481,aid1481,2018-01-01,,,,,,,2.0,,,
LC_Type1_2018001_aid1482,aid1482,2018-01-01,,,,,,,2.0,,,
LC_Type1_2018001_aid1483,aid1483,2018-01-01,,,,,,,17.0,,,
LC_Type1_2018001_aid1484,aid1484,2018-01-01,,,,,,,2.0,,,
LC_Type1_2018001_aid1485,aid1485,2018-01-01,,,,,,,16.0,,,
LC_Type1_2018001_aid1486,aid1486,2018-01-01,,,,,,,11.0,,,
LC_Type1_2018001_aid1487,aid1487,2018-01-01,,,,,,,9.0,,,
LC_Type1_2018001_aid1488,aid1488,2018-01-01,,,,,,,4.0,,,
LC_Type1_2018001_aid1489,aid1489,2018-01-01,,1.0,4.0,4.0,,4.0,30.0,1.0,,
LC_Type1_2018001_aid1490,aid1490,2018-01-01,,,,,,,14.0,,,
LC_Type1_2018001_aid1491,aid1491,2018-01-01,,,,,,,4.0,,,
LC_Type1_2018001_aid1492,aid1492,2018-01-01,,,,,,,27.0,,,
LC_Type1_2018001_aid1493,aid1493,2018-01-01,,,,,,,11.0,,,
LC_Type1_2018001_aid1494,aid1494,2018-01-01,,,,,,,5.0,,,
LC_Type1_2018001_aid1495,aid1495,2018-01-01,,,,,,,27.0,,,
LC_Type1_2018001_aid1496,aid1496,2018-01-01,,,,,,,1.0,,,
LC_Type1_2018001_aid1497,aid1497,2018-01-01,,,,,,,5.0,,,
LC_Type1_2018001_aid1498,aid1498,2018-01-01,,,,,,,2.0,,,
LC_Type1_2018001_aid1499,aid1499,2018-01-01,,,,,,,4.0,,,
LC_Type1_2018001_aid1500,aid1500,2018-01-01,,,,,,,7.0,,,
LC_Type1_2018001_aid1501,aid1501,2018-01-01,,,,,,,13.0,,,
LC_Type1_2018001_aid1502,aid1502,2018-01-01,,,,,,,1.0,,,
LC_Type1_2018001_aid1503,aid1503,2018-01-01,,,,,,,4.0,,,
LC_Type1_2018001_aid1504,aid1504,2018-01-01,,,,,,,3.0,,,
LC_Type1_2018001_aid1505,aid1505,2018-01-01,,,,,,,23.0,,,
LC_Type1_2018001_aid1506,aid1506,2018-01-01,,,,,,,16.0,,,
LC_Type1_2018001_aid1507,aid1507,2018-01-01,,,,,,,17.0,,,
LC_Type1_2018001_aid1508,aid1508,2018-01-01,,,,,,,4.0,,,
LC_Type1_2018001_aid1509,aid1509,2018-01-01,,,,,,,3.0,,,
LC_Type1_2018001_aid1510,aid1510,2018-01-01,,,,,,,8.0,,,
LC_Type1_2018001_aid1511,aid1511,2018-01-01,,,,,,,5.0,,,
LC_Type1_2018001_aid1512,aid1512,2018-01-01,,,,,,,1.0,,,
LC_Type1_2018001_aid1513,aid1513,2018-01-01,,,,,,,2.0,,,
LC_Type1_2018001_aid1514,aid1514,2018-01-01,,,,,,,8.0,,,
LC_Type1_2018001_aid1515,aid1515,2018-01-01,,,,,,,3.0,,,
LC_Type1_2018001_aid1516,aid1516,2018-01-01,,,,,,,1.0,,,
LC_Type1_2018001_aid1517,aid1517,2018-01-01,,,,,,,7.0,,,
LC_Type1_2018001_aid1518,aid1518,2018-01-01,,,,,,,4.0,,,
LC_Type1_2018001_aid1519,aid1519,2018-01-01,,,,,,,1.0,,,
LC_Type1_2018001_aid1520,aid1520,2018-01-01,,,,,,,2.0,,,
LC_Type1_2018001_aid1521,aid1521,2018-01-01,,,,,,,2.0,,,
LC_Type1_2018001_aid1522,aid1522,2018-01-01,,,,,,,4.0,,,
LC_Type1_2018001_aid1523,aid1523,2018-01-01,,,,2.0,,,19.0,,,
LC_Type1_2018001_aid1524,aid1524,2018-01-01,,,,,,,12.0,,,
LC_Type1_2018001_aid1525,aid1525,2018-01-01,,,,,,,22.0,,,
LC_Type1_2018001_aid1526,aid1526,2018-01-01,,,,,,,6.0,,,
LC_Type1_2018001_aid1527,aid1527,2018-01-01,,,,,,,6.0,,,
LC_Type1_2018001_aid1528,aid1528,2018-01-01,,,,,,,21.0,,,
LC_Type1_2018001_aid1529,aid1529,2018-01-01,,,,,,,5.0,,,
LC_Type1_2018001_aid1530,aid1530,2018-01-01,,,,,,,6.0,,,
LC_Type1_2018001_aid1531,aid1531,2018-01-01,,,,,,,2.0,,,
LC_Type1_2018001_aid1532,aid1532,2018-01-01,,,,,,,6.0,,,
LC_Type1_2018001_aid1533,aid1533,2018-01-01,,,,,,,4.0,,,
LC_Type1_2018001_aid1534,aid1534,2018-01-01,,,,,,,7.0,,,
LC_Type1_2018001_aid1535,aid1535,2018-01-01,,,,,,,6.0,,,
LC_Type1_2018001_aid1536,aid1536,2018-01-01,,,,,,,2.0,,,
LC_Type1_2018001_aid1537,aid1537,2018-01-01,,,,,,,8.0,,,
LC_Type1_2018001_aid1538,aid1538,2018-01-01,,,,,,,17.0,,,
LC_Type1_2018001_aid1539,aid1539,2018-01-01,,,,,,,5.0,,,
LC_Type1_2018001_aid1540,aid1540,2018-01-01,,,,,,,4.0,,,
LC_Type1_2018001_aid1541,aid1541,2018-01-01,,,,,,,2.0,,,
LC_Type1_2018001_aid1542,aid1542,2018-01-01,,,,,,,5.0,,,
LC_Type1_2018001_aid1543,aid1543,2018-01-01,,,,,,,14.0,,,
LC_Type1_2018001_aid1544,aid1544,2018-01-01,,,,,,,4.0,,,
LC_Type1_2018001_aid1545,aid1545,2018-01-01,,,,,,,6.0,,,
LC_Type1_2018001_aid1546,aid1546,2018-01-01,,,,,,,2.0,,,
LC_Type1_2018001_aid1547,aid1547,2018-01-01,,,,,,,4.0,,,
LC_Type1_2018001_aid1548,aid1548,2018-01-01,,,,,,,10.0,,,
LC_Type1_2018001_aid1549,aid1549,2018-01-01,,,,,,,51.0,,,
LC_Type1_2018001_aid1550,aid1550,2018-01-01,,,,,,,4.0,,,
LC_Type1_2018001_aid1551,aid1551,2018-01-01,,,,,,,23.0,,,
LC_Type1_2018001_aid1552,aid1552,2018-01-01,,,,,,,3.0,,,
LC_Type1_2018001_aid1553,aid1553,2018-01-01,,,,,,,29.0,,,
LC_Type1_2018001_aid1554,aid1554,2018-01-01,,,,,,,3.0,,,
LC_Type1_2018001_aid1555,aid1555,2018-01-01,,,,,,,4.0,,,
LC_Type1_2018001_aid1556,aid1556,2018-01-01,,,,,,,5.0,,,
LC_Type1_2018001_aid1557,aid1557,2018-01-01,,,,,,,2.0,,,
LC_Type1_2018001_aid1558,aid1558,2018-01-01,,,,,,,3.0,,,
LC_Type1_2018001_aid1559,aid1559,2018-01-01,,,,,,,3.0,,,
LC_Type1_2018001_aid1560,aid1560,2018-01-01,,,,,,,6.0,,,
LC_Type1_2018001_aid1561,aid1561,2018-01-01,,,,,,,8.0,,,
LC_Type1_2018001_aid1562,aid1562,2018-01-01,,,,,,,15.0,,,
LC_Type1_2018001_aid1563,aid1563,2018-01-01,,,,,,,3.0,,,
LC_Type1_2018001_aid1564,aid1564,2018-01-01,64.0,11.0,6.0,7.0,1.0,2.0,55.0,6.0,,9.0
LC_Type1_2018001_aid1565,aid1565,2018-01-01,,,,,,,34.0,,,
LC_Type1_2018001_aid1566,aid1566,2018-01-01,1.0,1.0,4.0,3.0,,,13.0,1.0,,
LC_Type1_2018001_aid1567,aid1567,2018-01-01,,,,,,,5.0,,,
LC_Type1_2018001_aid1568,aid1568,2018-01-01,,,,,,,6.0,,,
LC_Type1_2018001_aid1569,aid1569,2018-01-01,,,,,,,21.0,,,
LC_Type1_2018001_aid1570,aid1570,2018-01-01,,,,,,,12.0,,,
LC_Type1_2018001_aid1571,aid1571,2018-01-01,,,,,,,4.0,,,
LC_Type1_2018001_aid1572,aid1572,2018-01-01,,,,,,,4.0,,,
LC_Type1_2018001_aid1573,aid1573,2018-01-01,,,,,,,1.0,,,
LC_Type1_2018001_aid1574,aid1574,2018-01-01,,,,,,,3.0,,,
LC_Type1_2018001_aid1575,aid1575,2018-01-01,,,,,,,6.0,,,
LC_Type1_2018001_aid1576,aid1576,2018-01-01,,,,,,,7.0,,,
LC_Type1_2018001_aid1577,aid1577,2018-01-01,,,,,,,5.0,,,
LC_Type1_2018001_aid1578,aid1578,2018-01-01,,,,,,,4.0,,,
LC_Type1_2018001_aid1579,aid1579,2018-01-01,,,,,,,4.0,,,
LC_Type1_2018001_aid1580,aid1580,2018-01-01,,,,,,,2.0,,,
LC_Type1_2018001_aid1581,aid1581,2018-01-01,,,,,,,10.0,,,
LC_Type1_2018001_aid1582,aid1582,2018-01-01,,,,,,,7.0,,,
LC_Type1_2018001_aid1583,aid1583,2018-01-01,,,,,,,32.0,,,
LC_Type1_2018001_aid1584,aid1584,2018-01-01,,,,,,,4.0,,,
LC_Type1_2018001_aid1585,aid1585,2018-01-01,,,,,,,2.0,,,
LC_Type1_2018001_aid1586,aid1586,2018-01-01,,,,,,,4.0,,,
LC_Type1_2018001_aid1587,aid1587,2018-01-01,,,,,,,2.0,,,
LC_Type1_2018001_aid1588,aid1588,2018-01-01,,,,,,,9.0,,,
LC_Type1_2018001_aid1589,aid1589,2018-01-01,,,,,,,2.0,,,
LC_Type1_2018001_aid1590,aid1590,2018-01-01,,,,,,,11.0,,,
LC_Type1_2018001_aid1591,aid1591,2018-01-01,,,,,,,6.0,,,
LC_Type1_2018001_aid1592,aid1592,2018-01-01,,,,,,,13.0,,,
LC_Type1_2018001_aid1593,aid1593,2018-01-01,,,,,,,15.0,,,
LC_Type1_2018001_aid1594,aid1594,2018-01-01,,,,,,,4.0,,,
LC_Type1_2018001_aid1595,aid1595,2018-01-01,,,,,,,4.0,,,
LC_Type1_2018001_aid1596,aid1596,2018-01-01,,,,,,,4.0,,,
LC_Type1_2018001_aid1597,aid1597,2018-01-01,,,,,,,6.0,,,
LC_Type1_2018001_aid1598,aid1598,2018-01-01,,,,,,,26.0,,,
LC_Type1_2018001_aid1599,aid1599,2018-01-01,,,,,,,4.0,,,
LC_Type1_2018001_aid1600,aid1600,2018-01-01,,,,,,,2.0,,,
LC_Type1_2018001_aid1601,aid1601,2018-01-01,,,,,,,3.0,,,
LC_Type1_2018001_aid1602,aid1602,2018-01-01,,,,,,,13.0,,,
LC_Type1_2018001_aid1603,aid1603,2018-01-01,,,,,,,11.0,,,
LC_Type1_2018001_aid1604,aid1604,2018-01-01,,,,,,,2.0,,,
LC_Type1_2018001_aid1605,aid1605,2018-01-01,,,,,,,7.0,,,
LC_Type1_2018001_aid1606,aid1606,2018-01-01,,,,,,,17.0,,,
LC_Type1_2018001_aid1607,aid1607,2018-01-01,,,,,,,31.0,,,
LC_Type1_2018001_aid1608,aid1608,2018-01-01,,,,,,,7.0,,,
LC_Type1_2018001_aid1609,aid1609,2018-01-01,,,,,,,2.0,,,
LC_Type1_2018001_aid1610,aid1610,2018-01-01,,,,,,,2.0,,,
LC_Type1_2018001_aid1611,aid1611,2018-01-01,,,,,,,31.0,,,
LC_Type1_2018001_aid1612,aid1612,2018-01-01,,,,,,,4.0,,,
LC_Type1_2018001_aid1613,aid1613,2018-01-01,,,,,,,24.0,,,
LC_Type1_2018001_aid1614,aid1614,2018-01-01,,,,,,,1.0,,,
LC_Type1_2018001_aid1615,aid1615,2018-01-01,,,,,,,7.0,,,
LC_Type1_2018001_aid1616,aid1616,2018-01-01,,,,,,,7.0,,,
LC_Type1_2018001_aid1617,aid1617,2018-01-01,,,,,,,6.0,,,
LC_Type1_2018001_aid1618,aid1618,2018-01-01,,,,,,,1.0,,,
LC_Type1_2018001_aid1619,aid1619,2018-01-01,,,,,,,2.0,,,
LC_Type1_2018001_aid1620,aid1620,2018-01-01,,,,,,,7.0,,,
LC_Type1_2018001_aid1621,aid1621,2018-01-01,,,,,,,6.0,,,
LC_Type1_2018001_aid1622,aid1622,2018-01-01,,,,,,,4.0,,,
LC_Type1_2018001_aid1623,aid1623,2018-01-01,,,,,,,5.0,,,
LC_Type1_2018001_aid1624,aid1624,2018-01-01,,,,,,,5.0,,,
LC_Type1_2018001_aid1625,aid1625,2018-01-01,,,,,,,1.0,,,
LC_Type1_2018001_aid1626,aid1626,2018-01-01,,,,,,,22.0,,,
LC_Type1_2018001_aid1627,aid1627,2018-01-01,,,,,,,1.0,,,
LC_Type1_2018001_aid1628,aid1628,2018-01-01,,,,,,,1.0,,,
LC_Type1_2018001_aid1629,aid1629,2018-01-01,,,,,,,2.0,,,
LC_Type1_2018001_aid1630,aid1630,2018-01-01,,,,,,,7.0,,,
LC_Type1_2018001_aid1631,aid1631,2018-01-01,,,,,,,3.0,,,
LC_Type1_2018001_aid1632,aid1632,2018-01-01,,,,,,,2.0,,,
LC_Type1_2018001_aid1633,aid1633,2018-01-01,,,,,,,4.0,,,
LC_Type1_2018001_aid1634,aid1634,2018-01-01,,,,,,,3.0,,,
LC_Type1_2018001_aid1635,aid1635,2018-01-01,,,,,,,1.0,,,
LC_Type1_2018001_aid1637,aid1637,2018-01-01,,,,,,,4.0,,,
LC_Type1_2018001_aid1638,aid1638,2018-01-01,,,,,,,3.0,,,
LC_Type1_2018001_aid1639,aid1639,2018-01-01,,,,,,,3.0,,,
LC_Type1_2018001_aid1640,aid1640,2018-01-01,,,,,,,4.0,,,
LC_Type1_2018001_aid1641,aid1641,2018-01-01,,,,,,,5.0,,,
LC_Type1_2018001_aid1642,aid1642,2018-01-01,,,,,,,12.0,,,
LC_Type1_2018001_aid1643,aid1643,2018-01-01,,,,2.0,,,11.0,,,1.0
LC_Type1_2018001_aid1644,aid1644,2018-01-01,,,,,,,10.0,,,
LC_Type1_2018001_aid1645,aid1645,2018-01-01,,,,5.0,,1.0,8.0,,,2.0
LC_Type1_2018001_aid1646,aid1646,2018-01-01,,,,4.0,,,24.0,,,
LC_Type1_2018001_aid1647,aid1647,2018-01-01,,,,,,,4.0,,,
LC_Type1_2018001_aid1648,aid1648,2018-01-01,,,,,,,5.0,,,
LC_Type1_2018001_aid1649,aid1649,2018-01-01,,,,,,,15.0,,,2.0
LC_Type1_2018001_aid1650,aid1650,2018-01-01,,,,,,,4.0,,,
LC_Type1_2018001_aid1651,aid1651,2018-01-01,,,,3.0,2.0,,18.0,,,2.0
LC_Type1_2018001_aid1652,aid1652,2018-01-01,,,,3.0,1.0,,11.0,,,1.0
LC_Type1_2018001_aid1653,aid1653,2018-01-01,,,,8.0,,1.0,8.0,,,
LC_Type1_2018001_aid1654,aid1654,2018-01-01,,,,,,,12.0,,,
LC_Type1_2018001_aid1655,aid1655,2018-01-01,,,,,,,10.0,,,
LC_Type1_2018001_aid1656,aid1656,2018-01-01,,,,,,,18.0,,,
LC_Type1_2018001_aid1657,aid1657,2018-01-01,,,,,,,12.0,,,
LC_Type1_2018001_aid1658,aid1658,2018-01-01,,,,5.0,1.0,,5.0,,,
LC_Type1_2018001_aid1659,aid1659,2018-01-01,,,,,,,36.0,,,
LC_Type1_2018001_aid1660,aid1660,2018-01-01,,,,,,,,,,1.0
LC_Type1_2018001_aid1661,aid1661,2018-01-01,,,,,,,20.0,,,
LC_Type1_2018001_aid1662,aid1662,2018-01-01,,,,,,,,,,11.0
LC_Type1_2018001_aid1663,aid1663,2018-01-01,,,,,,,16.0,,,
LC_Type1_2018001_aid1664,aid1664,2018-01-01,,,,,,,,,,4.0
LC_Type1_2018001_aid1665,aid1665,2018-01-01,,,,,,,18.0,,,
LC_Type1_2018001_aid1666,aid1666,2018-01-01,,,1.0,,,,3.0,,,13.0
LC_Type1_2018001_aid1667,aid1667,2018-01-01,,,,,,,9.0,,,1.0
LC_Type1_2018001_aid1668,aid1668,2018-01-01,,,,,,,26.0,,,
LC_Type1_2018001_aid1669,aid1669,2018-01-01,,,,,,,,,,1.0
LC_Type1_2018001_aid1670,aid1670,2018-01-01,,,,,,,19.0,,,
LC_Type1_2018001_aid1671,aid1671,2018-01-01,,,,,,,16.0,,,
LC_Type1_2018001_aid1672,aid1672,2018-01-01,,,,,,,16.0,,,
LC_Type1_2018001_aid1673,aid1673,2018-01-01,,,,,,,,,,2.0
LC_Type1_2018001_aid1674,aid1674,2018-01-01,,,,,,,18.0,,,5.0
LC_Type1_2018001_aid1675,aid1675,2018-01-01,,,,,,,23.0,,,
LC_Type1_2018001_aid1676,aid1676,2018-01-01,,,,,,,10.0,,,
LC_Type1_2018001_aid1677,aid1677,2018-01-01,,,,,,,19.0,,,
LC_Type1_2018001_aid1678,aid1678,2018-01-01,,,,,,,22.0,,,
LC_Type1_2018001_aid1679,aid1679,2018-01-01,,,,,,,,,,2.0
LC_Type1_2018001_aid1680,aid1680,2018-01-01,,,,,,,9.0,,,
LC_Type1_2018001_aid1681,aid1681,2018-01-01,,,,,,,,,,1.0
LC_Type1_2018001_aid1682,aid1682,2018-01-01,,,,,,,14.0,,,
LC_Type1_2018001_aid1683,aid1683,2018-01-01,,,,,,,2.0,,,3.0
LC_Type1_2018001_aid1684,aid1684,2018-01-01,,,,,,,,,,1.0
LC_Type1_2018001_aid1685,aid1685,2018-01-01,,,,,,,,,,1.0
LC_Type1_2018001_aid1686,aid1686,2018-01-01,,,,,,,15.0,,,
LC_Type1_2018001_aid1687,aid1687,2018-01-01,,,,,,,3.0,,,1.0
LC_Type1_2018001_aid1688,aid1688,2018-01-01,,,,,,,,,,11.0
LC_Type1_2018001_aid1689,aid1689,2018-01-01,,,,,,,23.0,,,
LC_Type1_2018001_aid1690,aid1690,2018-01-01,,,,,,,9.0,,,
LC_Type1_2018001_aid1691,aid1691,2018-01-01,,,,,,,,,,4.0
